Date,GLD,IWM,QQQ,SPY,TLT
2015-01-02,114.08000183105469,102.78699493408203,94.66506958007812,170.12501525878906,93.36727905273438
2015-01-05,115.80000305175781,101.41279602050781,93.27644348144531,167.05262756347656,94.83399200439453
2015-01-06,117.12000274658203,99.65836334228516,92.02576446533203,165.4791259765625,96.5426254272461
2015-01-07,116.43000030517578,100.88561248779297,93.21209716796875,167.54124450683594,96.35194396972656
2015-01-08,115.94000244140625,102.59683227539062,94.99613189697266,170.51417541503906,95.07600402832031
2015-01-09,117.26000213623047,101.61157989501953,94.37078094482422,169.14779663085938,96.11729431152344
2015-01-12,118.55999755859375,101.2745361328125,93.38680267333984,167.82276916503906,96.66731262207031
2015-01-13,118.16000366210938,101.35231018066406,93.35919952392578,167.35072326660156,96.66731262207031
2015-01-14,117.97000122070312,100.94611358642578,92.8442153930664,166.3404083251953,97.400634765625
2015-01-15,120.94000244140625,99.2435073852539,91.63953399658203,164.8166046142578,98.93323516845703
2015-01-16,122.5199966430664,100.85968780517578,92.7154769897461,166.97804260253906,97.67192077636719
2015-01-20,124.19999694824219,100.43620300292969,93.451171875,167.33416748046875,98.96992492675781
2015-01-21,124.2300033569336,100.11638641357422,93.92936706542969,168.1788330078125,97.82596588134766
2015-01-22,125.2300033569336,102.15604400634766,95.66743469238281,170.67990112304688,97.47396087646484
2015-01-23,124.2300033569336,102.08695220947266,95.87895965576172,169.74403381347656,98.83062744140625
2015-01-26,122.98999786376953,103.07218170166016,95.76861572265625,170.1415557861328,98.52989196777344
2015-01-27,124.4000015258789,102.57955169677734,93.28561401367188,167.8973388671875,98.6839828491211
2015-01-28,123.41999816894531,100.85103607177734,92.80744934082031,165.74415588378906,100.29730224609375
2015-01-29,120.76000213623047,102.24250030517578,93.69945526123047,167.2761993408203,99.63726043701172
2015-01-30,123.44999694824219,99.99540710449219,92.97296905517578,165.17271423339844,101.40463256835938
2015-02-02,122.41999816894531,100.9115219116211,93.7822494506836,167.21823120117188,101.0217514038086
2015-02-03,121.05000305175781,102.71783447265625,94.6834487915039,169.63638305664062,98.88349914550781
2015-02-04,121.58000183105469,102.33755493164062,94.6006851196289,168.9904327392578,99.05244445800781
2015-02-05,121.79000091552734,103.6598892211914,95.41913604736328,170.69644165039062,97.9649429321289
2015-02-06,118.63999938964844,103.54751586914062,94.83977508544922,170.22438049316406,96.23080444335938
2015-02-09,119.16999816894531,102.72649383544922,94.53630828857422,169.4624481201172,96.07649230957031
2015-02-10,118.47000122070312,103.38333892822266,96.0076904296875,171.267822265625,95.31226348876953
2015-02-11,117.06999969482422,103.23637390136719,96.35714721679688,171.36715698242188,95.48859405517578
2015-02-12,117.33999633789062,104.41181182861328,97.47908020019531,173.01524353027344,95.17266845703125
2015-02-13,117.9800033569336,105.0340347290039,98.3159408569336,173.7274169921875,94.19535064697266
2015-02-17,116.01000213623047,105.36250305175781,98.40791320800781,174.00074768066406,92.77717590332031
2015-02-18,116.33999633789062,105.474853515625,98.54584503173828,174.01730346679688,93.32829284667969
2015-02-19,115.94000244140625,105.4834976196289,99.03323364257812,173.89309692382812,92.71100616455078
2015-02-20,115.27999877929688,105.76869201660156,99.6953353881836,174.93653869628906,92.98286437988281
2015-02-23,115.43000030517578,105.87242889404297,99.79651641845703,174.91163635253906,94.04838562011719
2015-02-24,115.26000213623047,106.01068878173828,99.8700942993164,175.40850830078125,95.28286743164062
2015-02-25,115.69999694824219,106.13169860839844,99.62178802490234,175.25955200195312,95.6943359375
2015-02-26,116.06999969482422,106.52059173583984,100.1275405883789,175.0524444580078,94.38640594482422
2015-02-27,116.16000366210938,105.94157409667969,99.68616485595703,174.45620727539062,95.17998504638672
2015-03-02,115.68000030517578,106.71075439453125,100.5873794555664,175.5576171875,93.40708923339844
2015-03-03,115.47000122070312,106.07981872558594,100.11836242675781,174.83714294433594,93.06844329833984
2015-03-04,115.11000061035156,105.75142669677734,99.73213958740234,174.10008239746094,93.09791564941406
2015-03-05,115.0,106.06256103515625,99.90686798095703,174.2905731201172,92.9801254272461
2015-03-06,111.86000061035156,104.72294616699219,98.77574920654297,171.83926391601562,90.9260025024414
2015-03-09,111.97000122070312,105.1810073852539,99.06080627441406,172.5514678955078,91.7652816772461
2015-03-10,111.41999816894531,103.97100067138672,97.2215805053711,169.7523193359375,92.97276306152344
2015-03-11,110.75,104.61058044433594,96.66062927246094,169.3548583984375,93.65006256103516
2015-03-12,110.72000122070312,106.3477554321289,97.29518127441406,171.50799560546875,93.58380126953125
2015-03-13,110.87999725341797,105.96748352050781,96.87211608886719,170.45626831054688,93.29666900634766
2015-03-16,110.80999755859375,106.58972930908203,98.12281799316406,172.73365783691406,94.19488525390625
2015-03-17,110.20999908447266,106.87493133544922,98.27915954589844,172.2201690673828,94.97528076171875
2015-03-18,112.37000274658203,107.73057556152344,99.24474334716797,174.2905731201172,96.80859375
2015-03-19,112.29000091552734,107.93800354003906,99.39187622070312,173.4955596923828,96.31526184082031
2015-03-20,113.56999969482422,108.88868713378906,100.03524780273438,175.02699279785156,96.82328033447266
2015-03-23,114.29000091552734,108.79360961914062,99.84168243408203,174.68589782714844,96.70551300048828
2015-03-24,114.56999969482422,108.76769256591797,99.48218536376953,173.70433044433594,97.64051818847656
2015-03-25,114.7300033569336,106.1695785522461,97.2055435180664,171.15890502929688,96.81591796875
2015-03-26,115.4800033569336,106.03955841064453,96.87372589111328,170.75128173828125,95.30664825439453
2015-03-27,115.05999755859375,106.71572875976562,97.26084899902344,171.1422576904297,96.4919662475586
2015-03-30,113.75,108.1634521484375,98.37613677978516,173.23016357421875,96.01338958740234
2015-03-31,113.66000366210938,107.81669616699219,97.3345718383789,171.71624755859375,96.21954345703125
2015-04-01,115.5999984741211,107.86004638671875,96.82763671875,171.10902404785156,97.48339080810547
2015-04-02,115.27999877929688,108.05943298339844,96.89216613769531,171.72457885742188,96.45050811767578
2015-04-06,116.69000244140625,108.5362319946289,97.68482971191406,172.880859375,95.91195678710938
2015-04-07,116.11000061035156,107.84270477294922,97.5189208984375,172.42327880859375,96.71613311767578
2015-04-08,115.47000122070312,108.77027893066406,98.2931900024414,173.00558471679688,96.74562072753906
2015-04-09,114.66999816894531,108.38016510009766,98.91072845458984,173.7708740234375,95.49136352539062
2015-04-10,115.97000122070312,108.90031433105469,99.31631469726562,174.7191619873047,95.63157653808594
2015-04-13,115.13999938964844,108.96968078613281,99.06745910644531,173.92893981933594,95.7643814086914
2015-04-14,114.44000244140625,108.94369506835938,98.78169250488281,174.26165771484375,96.443115234375
2015-04-15,115.43000030517578,109.70655822753906,99.39925384521484,175.04356384277344,96.36194610595703
2015-04-16,115.02999877929688,109.64586639404297,99.26102447509766,174.99371337890625,95.88243103027344
2015-04-17,115.5999984741211,107.86871337890625,97.71247863769531,172.9806365966797,96.98171997070312
2015-04-20,114.72000122070312,108.92632293701172,99.1780014038086,174.56112670898438,96.12586975097656
2015-04-21,115.37999725341797,108.81365203857422,99.60202026367188,174.35321044921875,95.6905288696289
2015-04-22,113.83000183105469,108.97833251953125,100.14585876464844,175.20999145507812,94.22978973388672
2015-04-23,114.66000366210938,109.47246551513672,100.52377319335938,175.6508331298828,94.63554382324219
2015-04-24,113.05000305175781,109.10838317871094,101.88792419433594,176.05845642089844,95.2258071899414
2015-04-27,115.33000183105469,107.90340423583984,101.62985229492188,175.326416015625,95.2258071899414
2015-04-28,116.33000183105469,108.50155639648438,101.42708587646484,175.8837127685547,93.91252136230469
2015-04-29,115.51000213623047,107.32255554199219,100.79107666015625,175.1600341796875,92.7615737915039
2015-04-30,113.47000122070312,105.05130004882812,99.2057113647461,173.40492248535156,92.92388916015625
2015-05-01,113.08000183105469,105.73614501953125,100.5145263671875,175.28482055664062,91.67302703857422
2015-05-04,114.0999984741211,106.11759948730469,100.68045043945312,175.78396606445312,90.8080062866211
2015-05-05,114.41999816894531,104.76521301269531,99.03977966308594,173.7708740234375,90.68234252929688
2015-05-06,114.36000061035156,105.1292953491211,98.35767364501953,173.05551147460938,89.12980651855469
2015-05-07,113.41999816894531,105.528076171875,98.9476089477539,173.74586486816406,90.32746887207031
2015-05-08,113.97000122070312,106.31697082519531,100.18272399902344,176.03347778320312,90.57147216796875
2015-05-11,113.52999877929688,106.37765502929688,99.79559326171875,175.19326782226562,88.36833190917969
2015-05-12,114.5,106.1869125366211,99.3439712524414,174.66932678222656,88.59751892089844
2015-05-13,116.55000305175781,106.1869125366211,99.5467300415039,174.70257568359375,87.88778686523438
2015-05-14,117.18000030517578,107.31390380859375,101.00306701660156,176.52423095703125,88.12435913085938
2015-05-15,117.52999877929688,107.19252014160156,101.00306701660156,176.715576171875,89.89127349853516
2015-05-18,117.5199966430664,108.40618133544922,101.44549560546875,177.2646026611328,88.38311004638672
2015-05-19,115.88999938964844,108.2588119506836,101.33489227294922,177.2063751220703,87.5994644165039
2015-05-20,116.08000183105469,108.45816802978516,101.39940643310547,177.08160400390625,87.74732208251953
2015-05-21,115.69000244140625,108.33683013916016,101.9247817993164,177.59732055664062,88.97452545166016
2015-05-22,115.5999984741211,107.86871337890625,101.82340240478516,177.17312622070312,89.01155853271484
2015-05-26,113.91000366210938,106.83707427978516,100.65281677246094,175.26815795898438,90.53448486328125
2015-05-27,113.88999938964844,108.14612579345703,102.27503967285156,176.93186950683594,90.741455078125
2015-05-28,114.0199966430664,108.05073547363281,102.04463958740234,176.7322540283203,90.5196762084961
2015-05-29,114.0999984741211,107.40058898925781,101.436279296875,175.63418579101562,90.71927642822266
2015-06-01,114.0,107.7386474609375,101.77731323242188,175.99185180664062,89.74432373046875
2015-06-02,114.45999908447266,107.9467544555664,101.45471954345703,175.81719970703125,88.49217224121094
2015-06-03,113.63999938964844,109.02169799804688,101.75891876220703,176.2830352783203,87.06965637207031
2015-06-04,112.83999633789062,107.92939758300781,100.98464965820312,174.7940673828125,88.20321655273438
2015-06-05,112.23999786376953,108.70964050292969,100.74501037597656,174.49456787109375,87.12889862060547
2015-06-08,112.56999969482422,108.2068099975586,99.72187042236328,173.42147827148438,87.03260040283203
2015-06-09,112.81999969482422,107.87738037109375,99.55596160888672,173.3965301513672,86.34362030029297
2015-06-10,113.77999877929688,109.2210693359375,100.92011260986328,175.4761962890625,85.58786010742188
2015-06-11,113.26000213623047,109.49848175048828,101.0676040649414,176.04185485839844,87.38822937011719
2015-06-12,113.2300033569336,109.16903686523438,100.23802947998047,174.69418334960938,87.38822937011719
2015-06-15,113.7300033569336,108.82230377197266,99.74028015136719,173.94557189941406,87.52903747558594
2015-06-16,113.31999969482422,109.5938491821289,100.28413391113281,174.8938751220703,88.21803283691406
2015-06-17,113.8499984741211,109.42913818359375,100.56063079833984,175.17669677734375,87.53643798828125
2015-06-18,115.31999969482422,110.89420318603516,102.02615356445312,176.9984588623047,87.10668182373047
2015-06-19,115.12000274658203,110.84220123291016,101.52177429199219,176.212646484375,88.22547912597656
2015-06-22,113.63999938964844,111.60506439208984,102.27009582519531,177.11538696289062,86.42509460449219
2015-06-23,112.88999938964844,111.83911895751953,102.35325622558594,177.24078369140625,85.90648651123047
2015-06-24,112.58999633789062,110.89420318603516,101.82662200927734,175.95358276367188,86.64736938476562
2015-06-25,112.44000244140625,110.8335189819336,101.6233901977539,175.4186248779297,86.34362030029297
2015-06-26,112.55999755859375,110.5301284790039,100.94896697998047,175.3851776123047,85.37305450439453
2015-06-29,113.06999969482422,107.7386474609375,98.5654525756836,171.70721435546875,87.63274383544922
2015-06-30,112.37000274658203,108.24147033691406,98.9165267944336,172.06668090820312,87.02523803710938
2015-07-01,111.9800033569336,108.56224822998047,99.70177459716797,173.44589233398438,85.85054779052734
2015-07-02,111.76000213623047,107.76041412353516,99.72945404052734,173.28707885742188,86.13269805908203
2015-07-06,112.05999755859375,107.7256088256836,99.49854278564453,172.7938995361328,87.72914123535156
2015-07-07,110.76000213623047,107.84749603271484,99.74797058105469,173.88058471679688,88.5533218383789
2015-07-08,111.08999633789062,106.2021255493164,98.01113891601562,170.96334838867188,89.31812286376953
2015-07-09,111.36000061035156,106.58517456054688,97.9557113647461,171.27256774902344,87.55833435058594
2015-07-10,111.48999786376953,108.06515502929688,99.45235443115234,173.42918395996094,86.16985321044922
2015-07-13,110.98999786376953,109.28395080566406,101.19841003417969,175.34335327148438,85.90251922607422
2015-07-14,110.73999786376953,109.89335632324219,101.86357879638672,176.10397338867188,86.18467712402344
2015-07-15,110.16000366210938,109.31006622314453,101.97444152832031,176.04547119140625,87.09797668457031
2015-07-16,109.76000213623047,109.9629898071289,103.41565704345703,177.45819091796875,87.69939422607422
2015-07-17,108.6500015258789,109.48418426513672,104.93999481201172,177.60861206054688,88.15237426757812
2015-07-20,105.69999694824219,108.8922119140625,105.30032348632812,177.7005615234375,87.78108215332031
2015-07-21,105.37000274658203,108.3785629272461,105.23565673828125,176.9984588623047,88.25631713867188
2015-07-22,104.80000305175781,108.77899932861328,104.04388427734375,176.68077087402344,88.80577850341797
2015-07-23,104.33000183105469,107.57762145996094,103.65585327148438,175.68609619140625,89.91216278076172
2015-07-24,105.3499984741211,105.84515380859375,102.63961029052734,173.8638153076172,90.13488006591797
2015-07-27,104.86000061035156,104.96586608886719,101.7896957397461,172.85244750976562,90.61751556396484
2015-07-28,105.0199966430664,105.862548828125,102.6673583984375,174.97555541992188,89.95670318603516
2015-07-29,105.16999816894531,106.1585693359375,103.05537414550781,176.1792449951172,89.62258911132812
2015-07-30,104.2699966430664,106.46324920654297,103.54498291015625,176.22105407714844,90.3130874633789
2015-07-31,104.93000030517578,107.04654693603516,103.42488098144531,175.95358276367188,90.98138427734375
2015-08-03,104.0999984741211,106.51551818847656,103.10154724121094,175.36004638671875,91.9390869140625
2015-08-04,104.30999755859375,106.26300811767578,102.90756225585938,175.01736450195312,91.20982360839844
2015-08-05,103.93000030517578,106.50679779052734,103.70206451416016,175.59414672851562,90.52521514892578
2015-08-06,104.38999938964844,105.0703353881836,102.03912353515625,174.15638732910156,91.32892608642578
2015-08-07,104.6500015258789,104.36515808105469,101.90977478027344,173.82208251953125,92.5269775390625
2015-08-10,105.72000122070312,105.5665512084961,103.0738296508789,176.01205444335938,91.3810043334961
2015-08-11,106.26000213623047,104.66114807128906,101.7527084350586,174.42388916015625,92.83209228515625
2015-08-12,107.75,104.46094512939453,102.10379791259766,174.63287353515625,92.32601165771484
2015-08-13,106.86000061035156,104.11270904541016,101.93748474121094,174.4155731201172,92.02838897705078
2015-08-14,106.8499984741211,104.7830581665039,102.09455871582031,175.05076599121094,92.24422454833984
2015-08-17,107.12999725341797,105.8886947631836,102.94450378417969,176.02879333496094,92.66092681884766
2015-08-18,107.11000061035156,105.04421997070312,102.41785430908203,175.51893615722656,91.93163299560547
2015-08-19,108.55000305175781,103.95598602294922,101.74348449707031,174.1313018798828,92.83951568603516
2015-08-20,110.44000244140625,101.32683563232422,98.92575073242188,170.49522399902344,93.77713775634766
2015-08-21,111.12999725341797,100.14287567138672,94.60214233398438,165.3629150390625,94.05987548828125
2015-08-24,110.52999877929688,96.23394775390625,90.962158203125,158.39990234375,94.0301513671875
2015-08-25,109.16000366210938,95.49394989013672,90.62032318115234,156.53598022460938,92.51956176757812
2015-08-26,107.66999816894531,97.92285919189453,95.18415832519531,162.54595947265625,90.73358917236328
2015-08-27,107.7300033569336,99.6727523803711,97.59542083740234,166.56658935546875,90.7856674194336
2015-08-28,108.69999694824219,100.65652465820312,97.57694244384766,166.57496643066406,91.05353546142578
2015-08-31,108.81999969482422,100.29084777832031,96.36669921875,165.22915649414062,90.35408020019531
2015-09-01,109.19999694824219,97.4179458618164,93.35496520996094,160.29742431640625,91.00511932373047
2015-09-02,108.62000274658203,99.16780090332031,95.98790740966797,163.34007263183594,90.22209930419922
2015-09-03,107.83999633789062,99.0111083984375,95.51673889160156,163.45712280273438,90.66203308105469
2015-09-04,107.48999786376953,98.26239013671875,94.38040924072266,160.9828643798828,91.48983001708984
2015-09-08,107.5199966430664,100.50850677490234,97.04109954833984,165.02850341796875,90.14005279541016
2015-09-09,106.12999725341797,99.35064697265625,95.9509506225586,162.82180786132812,90.57259368896484
2015-09-10,106.37999725341797,99.80333709716797,96.99492645263672,163.70782470703125,89.96104431152344
2015-09-11,106.16000366210938,100.2734375,97.53072357177734,164.4518280029297,90.52783203125
2015-09-14,106.22000122070312,99.8120346069336,97.23511505126953,163.8415985107422,90.66951751708984
2015-09-15,105.9000015258789,100.93508911132812,98.38066101074219,165.88954162597656,88.93190002441406
2015-09-16,107.30999755859375,101.80567169189453,98.93496704101562,167.32723999023438,88.59632110595703
2015-09-17,108.41000366210938,102.15388488769531,98.97193908691406,166.9510955810547,89.67768859863281
2015-09-18,109.20999908447266,100.7435531616211,97.56427764892578,164.2228240966797,91.05731964111328
2015-09-21,108.52999877929688,100.56072998046875,97.869873046875,165.07147216796875,89.57324981689453
2015-09-22,107.79000091552734,99.03723907470703,96.40663146972656,162.92889404296875,90.81867218017578
2015-09-23,108.22000122070312,98.74121856689453,96.48074340820312,162.66842651367188,90.81123352050781
2015-09-24,110.48999786376953,98.5758285522461,96.12881469726562,162.0802459716797,91.43016052246094
2015-09-25,109.80999755859375,97.27841186523438,95.3138656616211,162.03823852539062,90.63968658447266
2015-09-28,108.41999816894531,94.55440521240234,92.60040283203125,157.97154235839844,92.19084930419922
2015-09-29,107.9800033569336,93.88215637207031,92.11883544921875,158.06398010253906,92.4518814086914
2015-09-30,106.86000061035156,95.34019470214844,94.23956298828125,161.01312255859375,92.1312026977539
2015-10-01,106.7300033569336,95.1742935180664,94.66559600830078,161.43331909179688,92.52429962158203
2015-10-02,108.98999786376953,96.58869934082031,96.32330322265625,163.8447265625,93.08477020263672
2015-10-05,108.7699966430664,98.89358520507812,97.70318603515625,166.7603759765625,91.82181549072266
2015-10-06,109.86000061035156,98.21261596679688,97.24015045166016,166.18902587890625,92.21788024902344
2015-10-07,109.69999694824219,99.95003509521484,97.82357788085938,167.5502166748047,91.91149139404297
2015-10-08,109.13999938964844,100.84932708740234,98.21253967285156,169.0625762939453,91.14176940917969
2015-10-09,110.87000274658203,101.05012512207031,98.65704345703125,169.16339111328125,91.38095092773438
2015-10-12,111.30999755859375,100.90168762207031,98.89785766601562,169.32301330566406,92.07594299316406
2015-10-13,111.86000061035156,99.52223205566406,98.25884246826172,168.25595092773438,92.23284149169922
2015-10-14,113.80999755859375,98.54438781738281,98.10139465332031,167.4493408203125,93.03997039794922
2015-10-15,113.29000091552734,100.90168762207031,99.71283721923828,170.0204315185547,92.58406829833984
2015-10-16,112.48999786376953,100.77074432373047,100.12953186035156,170.79347229003906,92.61393737792969
2015-10-19,112.0199966430664,100.96281433105469,100.70372772216797,170.87742614746094,92.35993194580078
2015-10-20,112.7300033569336,100.82313537597656,100.18510437011719,170.65899658203125,91.79191589355469
2015-10-21,111.7300033569336,99.28648376464844,99.57389068603516,169.60032653808594,92.70362854003906
2015-10-22,111.69000244140625,100.1595687866211,101.60205078125,172.46551513671875,92.86058044433594
2015-10-23,111.5,101.14614868164062,104.44515228271484,174.3560333251953,92.06845092773438
2015-10-26,111.43000030517578,100.45642852783203,104.51000213623047,173.927490234375,92.68122100830078
2015-10-27,111.68000030517578,99.35633087158203,104.72299194335938,173.59141540527344,92.91288757324219
2015-10-28,110.77999877929688,102.25497436523438,105.5935287475586,175.56594848632812,92.53923034667969
2015-10-29,109.72000122070312,101.16361236572266,105.42683410644531,175.46511840820312,91.06707000732422
2015-10-30,109.30000305175781,100.70089721679688,104.95453643798828,174.7089080810547,91.75454711914062
2015-11-02,108.58999633789062,102.79625701904297,106.13993835449219,176.77584838867188,91.3329086303711
2015-11-03,106.9800033569336,103.32884979248047,106.5103759765625,177.28842163085938,90.58402252197266
2015-11-04,105.97000122070312,103.27645111083984,106.51960754394531,176.75067138671875,90.68883514404297
2015-11-05,105.63999938964844,103.35504913330078,106.2325439453125,176.57421875,90.44914245605469
2015-11-06,104.0999984741211,104.08842468261719,106.30663299560547,176.48179626464844,89.12356567382812
2015-11-09,104.4000015258789,102.86613464355469,105.1767807006836,174.8349609375,88.62173461914062
2015-11-10,104.18000030517578,103.17170715332031,104.90823364257812,175.2382049560547,88.88392639160156
2015-11-11,103.83000183105469,102.2724380493164,104.7785873413086,174.54925537109375,88.69664764404297
2015-11-12,103.8499984741211,100.31674194335938,103.7598876953125,172.1125946044922,89.12356567382812
2015-11-13,103.55999755859375,99.59205627441406,101.7224349975586,170.18008422851562,89.63282775878906
2015-11-16,103.70999908447266,100.44768524169922,103.18565368652344,172.76797485351562,89.55045318603516
2015-11-17,102.33999633789062,100.06352996826172,103.25048828125,172.64198303222656,89.70022583007812
2015-11-18,102.43000030517578,101.75728607177734,105.23234558105469,175.3811492919922,89.88742065429688
2015-11-19,103.55999755859375,101.3294906616211,105.30644226074219,175.22988891601562,90.48662567138672
2015-11-20,103.08999633789062,101.98432159423828,106.01953125,175.868408203125,90.20950317382812
2015-11-23,102.26000213623047,102.49068450927734,105.71392822265625,175.66677856445312,90.48662567138672
2015-11-24,102.94000244140625,103.24154663085938,105.6213150024414,175.90208435058594,90.47915649414062
2015-11-25,102.45999908447266,104.04476165771484,105.71392822265625,175.87686157226562,90.68883514404297
2015-11-27,101.25,104.43766784667969,105.86211395263672,176.0784912109375,90.59891510009766
2015-11-30,101.91999816894531,103.98363494873047,105.5935287475586,175.34751892089844,90.95845794677734
2015-12-01,102.27999877929688,104.67340087890625,106.6492919921875,177.01954650878906,92.18705749511719
2015-12-02,100.69000244140625,103.54710388183594,105.99173736572266,175.21304321289062,92.2170639038086
2015-12-03,101.76000213623047,101.80097198486328,104.19514465332031,172.7595977783203,89.71034240722656
2015-12-04,104.0199966430664,102.83118438720703,106.63076782226562,176.12889099121094,90.49836730957031
2015-12-07,102.66999816894531,101.28582763671875,106.1491928100586,175.0618133544922,91.37651062011719
2015-12-08,102.83999633789062,100.72708129882812,106.15845489501953,173.88548278808594,91.42151641845703
2015-12-09,102.63999938964844,99.60079193115234,104.54702758789062,172.53271484375,91.32392120361328
2015-12-10,102.55000305175781,99.9325942993164,105.01935577392578,172.97801208496094,91.44407653808594
2015-12-11,103.11000061035156,97.70625305175781,102.60221862792969,169.62548828125,92.88504791259766
2015-12-14,101.79000091552734,97.00774383544922,103.38018035888672,170.4825439453125,91.68418884277344
2015-12-15,101.5199966430664,98.4046859741211,104.00991821289062,172.27227783203125,91.14383697509766
2015-12-16,102.75,99.9063949584961,105.5564956665039,174.7929229736328,90.94868469238281
2015-12-17,100.5,98.84122467041016,104.01917266845703,172.12942504882812,91.97686767578125
2015-12-18,102.04000091552734,97.330810546875,102.02384948730469,169.0629425048828,92.48726654052734
2015-12-21,103.1500015258789,98.0641860961914,103.1571044921875,170.45753479003906,92.46475219726562
2015-12-22,102.61000061035156,98.96343994140625,103.83526611328125,172.00433349609375,91.7967758178711
2015-12-23,102.30999755859375,100.21196746826172,104.60624694824219,174.1343536376953,91.1063232421875
2015-12-24,103.05000305175781,100.40135955810547,104.5876693725586,173.846923828125,91.62825012207031
2015-12-28,102.2699966430664,99.93663024902344,104.53195190429688,173.44967651367188,91.89900207519531
2015-12-29,102.19999694824219,101.01517486572266,106.1761245727539,175.30075073242188,90.37223052978516
2015-12-30,101.41999816894531,99.99800109863281,105.21935272216797,174.0582275390625,90.281982421875
2015-12-31,101.45999908447266,98.75284576416016,103.90953063964844,172.31707763671875,90.68816375732422
2016-01-04,102.88999938964844,96.46426391601562,101.71729278564453,169.9081573486328,91.34246063232422
2016-01-05,103.18000030517578,96.67469787597656,101.540771484375,170.1955108642578,90.97392272949219
2016-01-06,104.66999816894531,95.20153045654297,100.56544494628906,168.04864501953125,92.1998519897461
2016-01-07,106.1500015258789,92.65865325927734,97.41636657714844,164.01687622070312,92.36534118652344
2016-01-08,105.68000030517578,91.06269836425781,96.61752319335938,162.216552734375,92.77899169921875
2016-01-11,104.73999786376953,90.66814422607422,96.91471862792969,162.37709045410156,91.76361083984375
2016-01-12,104.20999908447266,90.93997192382812,98.03875732421875,163.68727111816406,93.08734130859375
2016-01-13,104.72000122070312,88.01998138427734,94.65744018554688,159.6048126220703,94.0048828125
2016-01-14,103.0199966430664,89.23883056640625,96.6732406616211,162.2249755859375,93.12496185302734
2016-01-15,104.08000183105469,87.79202270507812,93.67282104492188,158.74264526367188,94.57648468017578
2016-01-19,103.9800033569336,86.6082534790039,93.87715148925781,158.95396423339844,94.28314971923828
2016-01-20,105.37000274658203,86.96775817871094,93.5892105102539,156.9169464111328,95.27596282958984
2016-01-21,105.48999786376953,86.76607513427734,93.68207550048828,157.79600524902344,94.6291275024414
2016-01-22,105.0,88.88809967041016,96.39454650878906,161.03326416015625,94.26813507080078
2016-01-25,106.08000183105469,86.91513061523438,94.96400451660156,158.59898376464844,94.77957153320312
2016-01-26,107.29000091552734,88.65133666992188,95.818603515625,160.76275634765625,94.82471466064453
2016-01-27,107.69000244140625,87.43250274658203,93.4312744140625,159.01315307617188,94.80209350585938
2016-01-28,106.54000091552734,87.41497039794922,94.75035858154297,159.84146118164062,94.9375228881836
2016-01-29,106.94999694824219,90.28231048583984,96.72895812988281,163.73797607421875,95.74223327636719
2016-02-01,108.05000305175781,89.87017059326172,96.98906707763672,163.67880249023438,95.44911193847656
2016-02-02,108.08999633789062,87.93232727050781,94.88969421386719,160.72889709472656,97.21991729736328
2016-02-03,109.25,88.04629516601562,94.43451690673828,161.69252014160156,96.41362762451172
2016-02-04,110.56999969482422,88.38827514648438,94.42520904541016,161.9460906982422,96.88082885742188
2016-02-05,112.31999969482422,85.9681396484375,91.14613342285156,158.86097717285156,96.99380493164062
2016-02-08,113.83000183105469,84.5563735961914,89.75273132324219,156.72256469726562,99.08113861083984
2016-02-09,113.58000183105469,83.98641204833984,89.47403717041016,156.73104858398438,99.18660736083984
2016-02-10,114.45999908447266,84.03025817871094,89.81776428222656,156.5957489013672,100.0606689453125
2016-02-11,119.05999755859375,83.11831665039062,89.68772888183594,154.55877685546875,100.76150512695312
2016-02-12,118.36000061035156,84.6966323852539,91.05321502685547,157.7453155517578,99.08866119384766
2016-02-16,114.7699966430664,86.70469665527344,93.1061782836914,160.40782165527344,98.041259765625
2016-02-17,115.4800033569336,88.06382751464844,95.21480560302734,163.02796936035156,97.43843841552734
2016-02-18,118.29000091552734,87.64292907714844,94.12797546386719,162.3602294921875,98.63653564453125
2016-02-19,117.58000183105469,88.08136749267578,94.40665435791016,162.28419494628906,98.7193832397461
2016-02-22,115.48999786376953,89.06343841552734,95.93937683105469,164.6339111328125,98.66666412353516
2016-02-23,117.22000122070312,88.24799346923828,94.36019134521484,162.55465698242188,99.0660400390625
2016-02-24,117.61000061035156,89.09854125976562,95.26129913330078,163.2984619140625,98.87013244628906
2016-02-25,117.91999816894531,89.91401672363281,96.19944763183594,165.27627563476562,99.22423553466797
2016-02-26,117.11000061035156,90.48401641845703,96.07872772216797,164.89596557617188,98.26730346679688
2016-02-29,118.63999938964844,90.08062744140625,95.21480560302734,163.6027069091797,98.69682312011719
2016-03-01,117.7699966430664,92.01850128173828,98.27098083496094,167.44854736328125,96.95891571044922
2016-03-02,118.68000030517578,92.96549987792969,98.3081283569336,168.2008056640625,97.35903930664062
2016-03-03,120.7300033569336,93.9388427734375,98.12235260009766,168.86004638671875,97.71382141113281
2016-03-04,120.54000091552734,94.45620727539062,98.15950012207031,169.40945434570312,97.08729553222656
2016-03-07,121.13999938964844,95.48213195800781,97.55571746826172,169.54466247558594,97.05704498291016
2016-03-08,120.58000183105469,93.17597198486328,96.7475357055664,167.69363403320312,98.12907409667969
2016-03-09,119.58000183105469,93.64949798583984,97.3698959350586,168.52198791503906,97.53268432617188
2016-03-10,121.5,92.8865966796875,97.22128295898438,168.65719604492188,97.13257598876953
2016-03-11,119.41000366210938,94.87709045410156,98.92121124267578,171.3788604736328,96.15107727050781
2016-03-14,117.87000274658203,94.63156127929688,99.08845520019531,171.15908813476562,96.45307922363281
2016-03-15,117.95999908447266,93.1584243774414,99.05125427246094,170.880126953125,96.54368591308594
2016-03-16,120.58999633789062,93.81608581542969,99.93375396728516,171.8690948486328,96.83053588867188
2016-03-17,120.12999725341797,95.254150390625,99.8780288696289,172.9594268798828,97.23066711425781
2016-03-18,119.80000305175781,96.11347198486328,100.03456115722656,173.6391143798828,97.43456268310547
2016-03-21,118.95999908447266,95.88548278808594,100.42584228515625,173.8854522705078,96.6871566772461
2016-03-22,119.30999755859375,95.77153778076172,100.73329162597656,173.79202270507812,96.6644515991211
2016-03-23,116.61000061035156,94.00105285644531,99.90410614013672,172.6450958251953,97.7591552734375
2016-03-24,116.33000183105469,94.28250885009766,99.93203735351562,172.568603515625,97.79690551757812
2016-03-28,116.5999984741211,94.3968505859375,99.79230499267578,172.67059326171875,97.92524719238281
2016-03-29,118.76000213623047,97.01776123046875,101.39480590820312,174.2677764892578,98.9520492553711
2016-03-30,117.0999984741211,97.02652740478516,101.88858032226562,175.032470703125,97.91018676757812
2016-03-31,117.63999938964844,97.2991943359375,101.73951721191406,174.60760498046875,98.60469818115234
2016-04-01,116.93000030517578,97.73016357421875,102.82028198242188,175.79701232910156,98.86190032958984
2016-04-04,116.1500015258789,96.91222381591797,102.42897033691406,175.2278289794922,98.9224624633789
2016-04-05,117.66000366210938,95.8128433227539,101.44137573242188,173.47767639160156,100.00426483154297
2016-04-06,116.94000244140625,96.89461517333984,103.10910034179688,175.37228393554688,99.27801513671875
2016-04-07,118.61000061035156,95.58417510986328,101.62771606445312,173.27377319335938,100.50357055664062
2016-04-08,118.43000030517578,95.96236419677734,101.55317687988281,173.7410888671875,99.86808776855469
2016-04-11,120.02999877929688,95.66333770751953,101.1805191040039,173.33322143554688,99.73951721191406
2016-04-12,120.05000305175781,96.69235229492188,102.0283432006836,174.9474639892578,99.05107879638672
2016-04-13,118.7699966430664,98.7767562866211,103.33271026611328,176.71458435058594,99.3990249633789
2016-04-14,117.11000061035156,98.65361785888672,103.3420181274414,176.72312927246094,98.9224624633789
2016-04-15,117.91999816894531,98.89988708496094,103.08113861083984,176.52774047851562,99.76976776123047
2016-04-18,117.73999786376953,99.64746856689453,103.63082122802734,177.76808166503906,99.33853149414062
2016-04-19,119.58000183105469,99.72662353515625,102.99726867675781,178.3288116455078,99.02835845947266
2016-04-20,118.97000122070312,99.87611389160156,103.08113861083984,178.498779296875,97.93900299072266
2016-04-21,119.41999816894531,99.37480926513672,103.09043884277344,177.53871154785156,97.35643768310547
2016-04-22,117.88999938964844,100.35984802246094,101.53456115722656,177.53871154785156,97.10676574707031
2016-04-25,118.2300033569336,99.64746856689453,101.53456115722656,177.2328338623047,96.7058334350586
2016-04-26,118.69999694824219,100.62371826171875,101.0407485961914,177.49623107910156,96.2670669555664
2016-04-27,119.04000091552734,100.97551727294922,100.2302017211914,177.86158752441406,97.22786712646484
2016-04-28,121.29000091552734,99.82337951660156,99.01902770996094,176.2473602294922,97.6288070678711
2016-04-29,123.6500015258789,98.92626953125,98.49724578857422,175.2958221435547,97.87845611572266
2016-05-02,123.23999786376953,99.80575561523438,99.4289779663086,176.68914794921875,96.89298248291016
2016-05-03,122.95999908447266,98.169921875,98.50657653808594,175.1514129638672,98.1134033203125
2016-05-04,122.20999908447266,97.36074829101562,97.873046875,174.17434692382812,98.65166473388672
2016-05-05,122.06999969482422,96.97379302978516,97.8450927734375,174.140380859375,99.31110382080078
2016-05-06,123.18000030517578,97.54544830322266,98.36685180664062,174.77752685546875,98.88663482666016
2016-05-09,120.6500015258789,97.8269271850586,98.64632415771484,174.92198181152344,99.19741821289062
2016-05-10,120.9800033569336,98.81193542480469,99.99726104736328,177.09689331054688,99.20501708984375
2016-05-11,122.12000274658203,97.58941650390625,99.09355163574219,175.440185546875,99.7659683227539
2016-05-12,121.16000366210938,97.0705337524414,98.65567779541016,175.4912109375,99.31110382080078
2016-05-13,121.70999908447266,96.42847442626953,98.29229736328125,173.96197509765625,100.27387237548828
2016-05-16,121.80000305175781,97.65098571777344,99.52214050292969,175.67807006835938,99.40968322753906
2016-05-17,122.22000122070312,96.10307312011719,98.27365112304688,174.03839111328125,99.57646179199219
2016-05-18,120.0999984741211,96.60438537597656,98.62771606445312,174.08935546875,98.15892028808594
2016-05-19,119.87000274658203,95.83041381835938,98.11529541015625,173.48619079589844,98.58348083496094
2016-05-20,119.70999908447266,97.43992614746094,99.1960220336914,174.5821075439453,98.65924072265625
2016-05-23,119.37000274658203,97.32557678222656,99.0655746459961,174.34425354003906,98.87903594970703
2016-05-24,117.30000305175781,99.33084106445312,101.05008697509766,176.6041259765625,98.43942260742188
2016-05-25,116.9800033569336,99.91131591796875,101.77678680419922,177.8021240234375,98.06796264648438
2016-05-26,116.58000183105469,99.79700469970703,102.07494354248047,177.85308837890625,98.57588958740234
2016-05-27,115.62000274658203,100.79080200195312,102.60596466064453,178.61769104003906,98.43181610107422
2016-05-31,116.05999755859375,101.14263153076172,102.8016128540039,178.27784729003906,98.66683197021484
2016-06-01,115.94000244140625,101.82862091064453,102.81095886230469,178.64315795898438,99.06713104248047
2016-06-02,115.66999816894531,102.61138153076172,103.0252456665039,179.18692016601562,99.78112030029297
2016-06-03,118.87999725341797,101.99573516845703,102.5407485961914,178.65167236328125,101.20156860351562
2016-06-06,118.91999816894531,103.09510803222656,102.91345977783203,179.56072998046875,100.4495849609375
2016-06-07,118.81999969482422,103.39415740966797,102.65254211425781,179.84109497070312,100.69269561767578
2016-06-08,120.58000183105469,104.1593017578125,102.82957458496094,180.4273223876953,101.23197937011719
2016-06-09,121.25,103.49087524414062,102.66189575195312,180.18096923828125,101.88523864746094
2016-06-10,121.73999786376953,102.08368682861328,101.49726867675781,178.4732666015625,102.37899017333984
2016-06-13,122.63999938964844,100.97551727294922,100.64945983886719,177.09689331054688,102.83478546142578
2016-06-14,122.7699966430664,100.6852798461914,100.64945983886719,176.74859619140625,102.75880432128906
2016-06-15,123.68000030517578,100.755615234375,100.3606185913086,176.5022430419922,103.15379333496094
2016-06-16,122.37999725341797,100.746826171875,100.65876770019531,177.02894592285156,103.6551284790039
2016-06-17,123.94999694824219,100.31588745117188,99.47891235351562,176.36965942382812,103.00944519042969
2016-06-20,123.20999908447266,101.4064712524414,100.10482025146484,177.50550842285156,101.90804290771484
2016-06-21,120.83999633789062,101.21298217773438,100.42243194580078,178.00938415527344,101.43704986572266
2016-06-22,120.9000015258789,100.81722259521484,100.17955017089844,177.718994140625,101.60416412353516
2016-06-23,120.11000061035156,102.74331665039062,101.60881042480469,180.0333709716797,100.44200134277344
2016-06-24,126.0,98.83831024169922,97.42376708984375,173.56849670410156,103.13858795166016
2016-06-27,126.68000030517578,95.59297180175781,95.49004364013672,170.4599151611328,105.71359252929688
2016-06-28,125.31999969482422,97.0705337524414,97.58255767822266,173.5343475341797,105.93392944335938
2016-06-29,125.83999633789062,99.27806091308594,99.3107681274414,176.4891815185547,105.12115478515625
2016-06-30,126.47000122070312,101.1250228881836,100.45977020263672,178.89752197265625,105.5085678100586
2016-07-01,128.41000366210938,101.48561096191406,100.9642333984375,179.27330017089844,106.97342681884766
2016-07-05,129.47000122070312,99.9904556274414,100.34770202636719,177.98374938964844,108.31283569335938
2016-07-06,130.22999572753906,100.71651458740234,101.16974639892578,179.05120849609375,108.48778533935547
2016-07-07,129.74000549316406,100.92874908447266,101.46869659423828,178.94027709960938,108.48026275634766
2016-07-08,130.52000427246094,103.28105926513672,103.03810119628906,181.60470581054688,109.279296875
2016-07-11,129.2899932861328,104.47492218017578,103.62660217285156,182.24520874023438,108.32046508789062
2016-07-12,127.1500015258789,105.87216186523438,104.14972686767578,183.56893920898438,106.53966522216797
2016-07-13,128.32000732421875,105.45653533935547,103.89746856689453,183.5433349609375,107.79534912109375
2016-07-14,127.33000183105469,105.56266021728516,104.60748291015625,184.568115234375,106.22769165039062
2016-07-15,126.83999633789062,105.8544692993164,104.43932342529297,184.32044982910156,105.31446838378906
2016-07-18,127.04000091552734,106.03134155273438,105.130615234375,184.81576538085938,105.21554565429688
2016-07-19,127.20999908447266,105.5007553100586,104.74759674072266,184.62789916992188,105.80909729003906
2016-07-20,125.38999938964844,106.19049835205078,105.9713363647461,185.3965301513672,105.23075866699219
2016-07-21,127.30000305175781,105.68647003173828,105.72847747802734,184.69627380371094,105.44383239746094
2016-07-22,126.3499984741211,106.47350311279297,106.16752624511719,185.5246124267578,105.62652587890625
2016-07-25,125.47000122070312,106.31432342529297,106.17687225341797,185.02081298828125,105.55036926269531
2016-07-26,126.0,106.82723999023438,106.29830932617188,185.10618591308594,105.7177963256836
2016-07-27,128.02999877929688,107.12789916992188,107.03630828857422,184.90975952148438,107.03430938720703
2016-07-28,127.66000366210938,106.85375213623047,107.40994262695312,185.1232452392578,106.83644104003906
2016-07-29,128.97999572753906,107.06597137451172,107.64350891113281,185.42218017578125,107.72683715820312
2016-08-01,129.22000122070312,107.15441131591797,108.21332550048828,185.26841735839844,106.55882263183594
2016-08-02,130.27000427246094,105.65990447998047,107.39126586914062,184.0813446044922,105.46102905273438
2016-08-03,129.64999389648438,106.5177230834961,107.74625396728516,184.61940002441406,105.52201080322266
2016-08-04,129.8699951171875,106.61499786376953,108.05450439453125,184.81576538085938,106.31488037109375
2016-08-05,127.55000305175781,108.15375518798828,109.0914535522461,186.32742309570312,105.2094497680664
2016-08-08,127.44000244140625,108.10066986083984,108.97002410888672,186.21640014648438,105.40768432617188
2016-08-09,127.95999908447266,108.21563720703125,109.22223663330078,186.32742309570312,106.44446563720703
2016-08-10,128.55999755859375,107.43742370605469,108.9419937133789,185.86624145507812,106.8561782836914
2016-08-11,127.66999816894531,107.9503402709961,109.4090576171875,186.7288055419922,105.90319061279297
2016-08-12,127.4000015258789,108.05647277832031,109.48377227783203,186.5665283203125,106.7952651977539
2016-08-15,127.83999633789062,109.12650299072266,109.95087432861328,187.10450744628906,105.78882598876953
2016-08-16,128.47000122070312,108.24214935302734,109.34367370605469,186.1395721435547,105.50675964355469
2016-08-17,128.5,107.92384338378906,109.53985595703125,186.48965454101562,106.13951110839844
2016-08-18,129.11000061035156,108.71971130371094,109.56787872314453,186.90814208984375,106.30728912353516
2016-08-19,127.97000122070312,108.71971130371094,109.53985595703125,186.63485717773438,105.75071716308594
2016-08-22,127.77999877929688,108.9673080444336,109.62391662597656,186.62628173828125,106.64273834228516
2016-08-23,127.76000213623047,109.72786712646484,109.82008361816406,187.00209045410156,106.75703430175781
2016-08-24,126.33999633789062,108.83466339111328,109.11011505126953,186.04562377929688,106.50548553466797
2016-08-25,126.2300033569336,109.04691314697266,108.9326171875,185.91748046875,106.10142517089844
2016-08-26,126.05000305175781,108.82582092285156,109.0914535522461,185.5673370361328,105.48383331298828
2016-08-29,126.30000305175781,109.39178466796875,109.24091339111328,186.48109436035156,106.89435577392578
2016-08-30,125.02999877929688,109.59519958496094,108.88593292236328,186.17372131347656,106.4825668334961
2016-08-31,124.77999877929688,108.97616577148438,108.77383422851562,185.6442108154297,106.63511657714844
2016-09-01,125.29000091552734,109.05575561523438,109.05406951904297,185.65272521972656,106.752685546875
2016-09-02,126.56999969482422,110.10811614990234,109.4090576171875,186.48965454101562,105.88202667236328
2016-09-06,128.7100067138672,110.21422576904297,110.09099578857422,187.05328369140625,106.65345764160156
2016-09-07,128.27000427246094,110.90399932861328,110.15638732910156,187.03623962402344,106.57699584960938
2016-09-08,127.58999633789062,110.68292999267578,109.51180267333984,186.6092071533203,105.24041748046875
2016-09-09,126.75,107.22518157958984,106.75601196289062,182.1427459716797,103.5067138671875
2016-09-12,126.58999633789062,108.71971130371094,108.67108917236328,184.75604248046875,103.56012725830078
2016-09-13,125.75,106.63269805908203,107.69955444335938,182.10006713867188,102.38396453857422
2016-09-14,126.18000030517578,106.65036010742188,108.21332550048828,182.03176879882812,102.53668975830078
2016-09-15,125.37000274658203,107.92384338378906,109.89482879638672,183.850830078125,102.09371185302734
2016-09-16,125.05999755859375,107.7646255493164,109.8423843383789,183.14004516601562,102.91854095458984
2016-09-19,125.31999969482422,108.4809341430664,109.36474609375,183.17440795898438,102.5824966430664
2016-09-20,125.44000244140625,108.02108764648438,109.57079315185547,183.1829833984375,102.94149780273438
2016-09-21,127.2699966430664,109.58634185791016,110.64775848388672,185.2429962158203,103.77398681640625
2016-09-22,127.56999969482422,111.16046142578125,111.52809143066406,186.41024780273438,104.59886169433594
2016-09-23,127.6500015258789,110.37339782714844,110.81635284423828,185.38890075683594,104.49962615966797
2016-09-26,127.55000305175781,109.27735900878906,109.88917541503906,183.88681030273438,105.16404724121094
2016-09-27,126.62000274658203,109.7207260131836,110.97554016113281,185.02842712402344,105.935546875
2016-09-28,126.22000122070312,110.56317901611328,111.162841796875,185.9467315673828,105.7062759399414
2016-09-29,126.06999969482422,108.94925689697266,110.35747528076172,184.2644500732422,105.97367858886719
2016-09-30,125.63999938964844,110.14640045166016,111.18157196044922,185.6549835205078,105.0266342163086
2016-10-03,125.31999969482422,109.80055236816406,111.02237701416016,185.20864868164062,104.68000030517578
2016-10-04,120.97000122070312,109.25959777832031,110.85382080078125,184.2644500732422,103.45574951171875
2016-10-05,120.77999877929688,109.91582489013672,111.24714660644531,185.07992553710938,102.9737548828125
2016-10-06,119.66000366210938,109.80055236816406,111.19094848632812,185.20864868164062,102.39982604980469
2016-10-07,119.73999786376953,108.92266082763672,110.94746398925781,184.573486328125,102.46875
2016-10-10,120.16000366210938,110.2261962890625,111.64983367919922,185.53480529785156,101.86421966552734
2016-10-11,119.55000305175781,108.21322631835938,110.05778503417969,183.1915740966797,101.6346664428711
2016-10-12,119.73999786376953,108.12455749511719,109.96412658691406,183.43194580078125,101.73416900634766
2016-10-13,120.02999877929688,107.2289047241211,109.57079315185547,182.83106994628906,102.11676025390625
2016-10-14,119.36000061035156,106.79440307617188,109.70191955566406,182.9254913330078,100.68590545654297
2016-10-17,119.68000030517578,106.67024993896484,109.4022216796875,182.29037475585938,101.32862854003906
2016-10-18,120.41999816894531,107.28211212158203,110.3761978149414,183.43194580078125,101.65763092041016
2016-10-19,121.11000061035156,107.7343521118164,110.36683654785156,183.92115783691406,101.74185180664062
2016-10-20,120.73999786376953,107.41512298583984,110.2357177734375,183.5778045654297,101.84893798828125
2016-10-21,120.83000183105469,107.36190795898438,110.64775848388672,183.66358947753906,102.00191497802734
2016-10-24,120.55999755859375,108.04474639892578,111.97762298583984,184.4447021484375,101.5582275390625
2016-10-25,121.47000122070312,107.23774719238281,111.6217269897461,183.8267059326172,101.82595825195312
2016-10-26,120.79000091552734,106.17364501953125,110.86315155029297,183.45762634277344,101.13731384277344
2016-10-27,121.01000213623047,104.958740234375,110.35747528076172,182.96835327148438,100.0355453491211
2016-10-28,121.58000183105469,104.66612243652344,109.66444396972656,182.4276885986328,99.8136215209961
2016-10-31,121.94000244140625,105.0829086303711,109.56145477294922,182.436279296875,100.42576599121094
2016-11-01,122.7300033569336,103.79708099365234,108.73728942871094,181.1144256591797,100.43343353271484
2016-11-02,123.63999938964844,102.47577667236328,107.86636352539062,180.02439880371094,100.87042236328125
2016-11-03,124.30000305175781,101.97921752929688,106.80810546875,179.2003631591797,100.09607696533203
2016-11-04,124.38999938964844,102.63542175292969,106.43350982666016,179.0028839111328,100.99307250976562
2016-11-07,122.1500015258789,105.1449966430664,108.96207427978516,182.9512176513672,100.13445281982422
2016-11-08,121.63999938964844,105.41987609863281,109.67381286621094,183.77525329589844,99.72811889648438
2016-11-09,121.55999755859375,108.66546630859375,110.17951202392578,185.72366333007812,95.49645233154297
2016-11-10,119.75,110.40357208251953,108.40015411376953,186.18711853027344,94.08589935302734
2016-11-11,117.0999984741211,112.93975067138672,108.447021484375,185.75791931152344,93.55694580078125
2016-11-14,116.11000061035156,114.52705383300781,107.3512954711914,185.90383911132812,92.99732208251953
2016-11-15,117.12000274658203,114.88178253173828,108.84032440185547,187.3544464111328,93.4572982788086
2016-11-16,116.7699966430664,114.87288665771484,109.48648834228516,187.0025177001953,94.3005599975586
2016-11-17,116.16999816894531,115.54685974121094,110.28253173828125,187.96385192871094,92.9129867553711
2016-11-18,115.1500015258789,116.15873718261719,109.8704605102539,187.54327392578125,92.6446533203125
2016-11-21,115.58000183105469,116.69971466064453,111.01303100585938,188.95953369140625,92.87462615966797
2016-11-22,115.54000091552734,117.76380157470703,111.35015869140625,189.32855224609375,92.8440170288086
2016-11-23,113.25,118.49983978271484,110.9006576538086,189.43161010742188,92.48369598388672
2016-11-25,112.61000061035156,118.8900146484375,111.25651550292969,190.13540649414062,92.62165832519531
2016-11-28,113.80000305175781,117.34701538085938,111.00363159179688,189.2427520751953,93.3039779663086
2016-11-29,113.2699966430664,117.28494262695312,111.38761901855469,189.61181640625,93.6949234008789
2016-11-30,111.75,116.70853424072266,110.0390396118164,189.1569366455078,92.17706298828125
2016-12-01,111.54000091552734,116.14099884033203,108.1379623413086,188.46168518066406,91.20379638671875
2016-12-02,112.13999938964844,116.07891082763672,108.35331726074219,188.5561065673828,91.8720932006836
2016-12-05,111.54000091552734,118.07414245605469,109.19617462158203,189.68905639648438,91.77222442626953
2016-12-06,111.43000030517578,119.35113525390625,109.45841979980469,190.2898712158203,91.7031021118164
2016-12-07,111.83000183105469,120.5128173828125,110.84443664550781,192.77903747558594,92.48662567138672
2016-12-08,111.56999969482422,122.41050720214844,111.04109191894531,193.25112915039062,91.39582061767578
2016-12-09,110.4000015258789,122.6499252319336,111.91205596923828,194.4184112548828,90.25894165039062
2016-12-12,110.81999969482422,121.355224609375,111.40632629394531,194.1952362060547,90.42790222167969
2016-12-13,110.44999694824219,121.3641128540039,112.81108856201172,195.49130249023438,90.75056457519531
2016-12-14,108.83000183105469,119.84770965576172,112.57697296142578,193.877685546875,89.73662567138672
2016-12-15,107.33999633789062,120.74333953857422,112.75492095947266,194.67588806152344,90.18975830078125
2016-12-16,108.05000305175781,120.52169036865234,112.33692932128906,194.29513549804688,89.98240661621094
2016-12-19,108.58999633789062,121.31088256835938,112.79719543457031,194.71823120117188,90.95030212402344
2016-12-20,107.79000091552734,122.3395767211914,113.22925567626953,195.46937561035156,90.49711608886719
2016-12-21,107.8499984741211,121.54147338867188,113.14469909667969,194.92547607421875,90.89653778076172
2016-12-22,107.58999633789062,120.49342346191406,112.82537078857422,194.58871459960938,90.73401641845703
2016-12-23,107.93000030517578,121.134521484375,112.90049743652344,194.87364196777344,90.91887664794922
2016-12-27,108.55999755859375,121.67770385742188,113.48285675048828,195.3571319580078,90.62618255615234
2016-12-28,108.86000061035156,120.43108367919922,112.59993743896484,193.74261474609375,91.28858947753906
2016-12-29,110.29000091552734,120.5379409790039,112.44026184082031,193.69944763183594,91.61198425292969
2016-12-30,109.61000061035156,120.0749282836914,111.28495788574219,192.991455078125,91.75061798095703
2017-01-03,110.47000122070312,120.6715087890625,112.28058624267578,194.46791076660156,92.14346313476562
2017-01-04,110.86000061035156,122.68389129638672,112.89110565185547,195.62478637695312,92.49771118164062
2017-01-05,112.58000183105469,121.26806640625,113.52980041503906,195.46937561035156,93.94564056396484
2017-01-06,111.75,120.82288360595703,114.52542877197266,196.16871643066406,93.08304595947266
2017-01-09,112.66999816894531,120.0303726196289,114.90116882324219,195.52120971679688,93.83011627197266
2017-01-10,113.1500015258789,121.17902374267578,115.15474700927734,195.52120971679688,93.76850891113281
2017-01-11,113.5,121.39275360107422,115.4646987915039,196.07374572753906,94.08428955078125
2017-01-12,113.91000366210938,120.45783996582031,115.28622436523438,195.5816192626953,93.8763198852539
2017-01-13,114.20999908447266,121.33041381835938,115.68075561523438,196.03054809570312,93.42962646484375
2017-01-17,115.8499984741211,119.68309783935547,115.33320617675781,195.33978271484375,94.40771484375
2017-01-18,114.87000274658203,120.0749282836914,115.5680160522461,195.77151489257812,93.19857025146484
2017-01-19,114.7699966430664,119.09545135498047,115.51165771484375,195.04627990722656,92.55933380126953
2017-01-20,115.05000305175781,119.7098388671875,115.76527404785156,195.76296997070312,92.37446594238281
2017-01-23,115.79000091552734,119.21119689941406,115.85916900634766,195.25352478027344,93.2987060546875
2017-01-24,115.2699966430664,121.03659057617188,116.6387939453125,196.50543212890625,92.65946197509766
2017-01-25,114.31999969482422,122.1763687133789,117.81288146972656,198.20628356933594,91.49651336669922
2017-01-26,113.26000213623047,121.68659210205078,117.93495178222656,197.9990692138672,91.80460357666016
2017-01-27,113.48999786376953,121.26806640625,118.16041564941406,197.68826293945312,92.1357421875
2017-01-30,113.97000122070312,119.5762939453125,117.23992156982422,196.46231079101562,91.85844421386719
2017-01-31,115.55000305175781,120.41328430175781,117.005126953125,196.44497680664062,92.49771118164062
2017-02-01,115.19999694824219,120.34203338623047,117.81288146972656,196.522705078125,91.92581939697266
2017-02-02,115.83999633789062,120.03929138183594,117.70954895019531,196.65223693847656,91.8871841430664
2017-02-03,116.12999725341797,121.87357330322266,118.04771423339844,198.0076904296875,91.8486099243164
2017-02-06,117.69999694824219,120.95643615722656,118.18860626220703,197.65370178222656,92.4043197631836
2017-02-07,117.45999908447266,120.42218780517578,118.62067413330078,197.662353515625,93.08354949951172
2017-02-08,118.19000244140625,120.20849609375,118.81790924072266,197.92138671875,94.34935760498047
2017-02-09,117.29000091552734,121.90029907226562,119.24996185302734,199.09555053710938,93.26103210449219
2017-02-10,117.5999984741211,122.82632446289062,119.64446258544922,199.88124084472656,93.20703125
2017-02-13,116.80000305175781,123.14691162109375,120.32073974609375,200.96910095214844,92.91372680664062
2017-02-14,116.93000030517578,123.55651092529297,120.7246322631836,201.77200317382812,92.24224090576172
2017-02-15,117.44999694824219,124.29557800292969,121.43846130371094,202.82533264160156,91.81771087646484
2017-02-16,118.08000183105469,123.94828796386719,121.40089416503906,202.6527099609375,92.31944274902344
2017-02-17,117.68000030517578,123.8681640625,121.92689514160156,202.97218322753906,92.8674087524414
2017-02-21,117.75,124.83872985839844,122.52803039550781,204.1808624267578,92.70539093017578
2017-02-22,117.91000366210938,124.28668212890625,122.57501220703125,203.9995574951172,92.85968017578125
2017-02-23,118.94000244140625,123.54761505126953,122.11471557617188,204.1376953125,93.13756561279297
2017-02-24,119.69999694824219,123.45858001708984,122.34956359863281,204.39671325683594,94.17180633544922
2017-02-27,119.12000274658203,124.66065216064453,122.49986267089844,204.71617126464844,93.61607360839844
2017-02-28,119.2300033569336,122.7373275756836,122.1241455078125,204.16360473632812,93.96342468261719
2017-03-01,119.05999755859375,124.9812240600586,123.45794677734375,207.02142333984375,92.38893127441406
2017-03-02,117.58000183105469,123.54761505126953,122.83799743652344,205.71768188476562,92.05640411376953
2017-03-03,117.51000213623047,123.45858001708984,123.06342315673828,205.84716796875,92.29613494873047
2017-03-06,116.72000122070312,122.6126480102539,122.7910385131836,205.23422241210938,91.85529327392578
2017-03-07,115.77999877929688,121.81126403808594,122.58438873291016,204.62123107910156,91.57697296142578
2017-03-08,115.05999755859375,121.0098876953125,122.8004379272461,204.2413330078125,91.08206176757812
2017-03-09,114.47000122070312,120.529052734375,122.89435577392578,204.5003662109375,90.35511016845703
2017-03-10,114.72000122070312,121.06329345703125,123.41095733642578,205.2169647216797,90.6721420288086
2017-03-13,114.73999786376953,121.3482666015625,123.6175765991211,205.32054138183594,90.09989929199219
2017-03-14,114.12000274658203,120.76942443847656,123.31700897216797,204.53489685058594,90.53297424316406
2017-03-15,116.25,122.63935852050781,124.07785034179688,206.3048095703125,91.63884735107422
2017-03-16,116.7300033569336,122.79963684082031,123.9932861328125,205.8990020751953,91.17485046386719
2017-03-17,116.98999786376953,123.28939056396484,123.95003509521484,205.5374298095703,91.74710083007812
2017-03-20,117.51000213623047,122.75511932373047,124.0629653930664,205.31195068359375,92.14151763916016
2017-03-21,118.54000091552734,119.29129791259766,122.18051147460938,202.67584228515625,92.90708923339844
2017-03-22,118.83000183105469,119.31806182861328,123.00875854492188,203.15277099609375,93.27828979492188
2017-03-23,118.66999816894531,120.01258850097656,122.6981430053711,202.93600463867188,93.14681243896484
2017-03-24,118.86000061035156,120.09918975830078,122.95231628417969,202.78858947753906,93.47933197021484
2017-03-27,119.52999877929688,120.32244110107422,123.14994812011719,202.58045959472656,93.9046859741211
2017-03-28,119.04000091552734,121.26006317138672,123.90294647216797,204.05455017089844,93.27828979492188
2017-03-29,119.33000183105469,121.65298461914062,124.47706604003906,204.24537658691406,93.83505249023438
2017-03-30,118.47000122070312,122.5727767944336,124.68415069580078,204.89573669433594,93.07718658447266
2017-03-31,118.72000122070312,122.7692642211914,124.59943389892578,204.41879272460938,93.34786224365234
2017-04-03,119.3499984741211,121.47439575195312,124.52413177490234,204.06326293945312,94.28943634033203
2017-04-04,119.62000274658203,121.33154296875,124.72181701660156,204.19337463378906,93.77798461914062
2017-04-05,119.62000274658203,119.95633697509766,124.21353912353516,203.58636474609375,94.064697265625
2017-04-06,119.18000030517578,121.07254028320312,124.27941131591797,204.15866088867188,93.92521667480469
2017-04-07,119.45999908447266,121.01900482177734,124.21353912353516,203.9505157470703,93.54544067382812
2017-04-10,119.45999908447266,121.28689575195312,124.26060485839844,204.07191467285156,93.97944641113281
2017-04-11,121.19000244140625,122.25135803222656,123.72412872314453,203.8291473388672,94.87067413330078
2017-04-12,122.0199966430664,120.59037780761719,123.22528076171875,202.93600463867188,95.38990783691406
2017-04-13,122.5999984741211,119.41159057617188,122.73580169677734,201.61798095703125,95.68436431884766
2017-04-17,122.23999786376953,120.81353759765625,123.7523193359375,203.4042510986328,95.38990783691406
2017-04-18,122.81999969482422,120.84040832519531,123.5640869140625,202.79727172851562,96.63756561279297
2017-04-19,121.7300033569336,121.26006317138672,123.76175689697266,202.42440795898438,96.11061096191406
2017-04-20,121.95999908447266,122.80500793457031,124.79711151123047,204.07191467285156,95.73860931396484
2017-04-21,122.30999755859375,122.52815246582031,124.76888275146484,203.42160034179688,95.73860931396484
2017-04-24,121.4800033569336,124.05517578125,126.2748031616211,205.6588134765625,95.2658920288086
2017-04-25,120.25,125.26070404052734,127.18782806396484,206.85545349121094,94.11896514892578
2017-04-26,120.83999633789062,125.90365600585938,127.00899505615234,206.72540283203125,94.63816833496094
2017-04-27,120.38999938964844,125.86798095703125,127.77143096923828,206.89881896972656,94.60720825195312
2017-04-28,120.7699966430664,124.18018341064453,127.99726867675781,206.44789123535156,94.8163833618164
2017-05-01,119.66999816894531,124.89457702636719,129.1361846923828,206.96815490722656,94.02820587158203
2017-05-02,119.6500015258789,124.26056671142578,129.35263061523438,207.04620361328125,94.50967407226562
2017-05-03,117.9800033569336,123.49259185791016,128.93850708007812,206.79476928710938,94.57181549072266
2017-05-04,116.79000091552734,123.32290649414062,128.98558044433594,207.03753662109375,94.10587310791016
2017-05-05,117.01000213623047,124.11772918701172,129.4561767578125,207.8526611328125,94.19129180908203
2017-05-08,116.75,123.5997543334961,129.7385711669922,207.81800842285156,93.67878723144531
2017-05-09,116.05000305175781,123.54617309570312,130.1903533935547,207.62722778320312,93.67094421386719
2017-05-10,116.04000091552734,124.31417846679688,130.265625,208.0000762939453,93.56226348876953
2017-05-11,116.5,123.44792175292969,130.1620635986328,207.57516479492188,93.56226348876953
2017-05-12,116.83000183105469,122.7960433959961,130.45391845703125,207.2283172607422,94.2688980102539
2017-05-15,117.13999938964844,123.75154113769531,130.8680419921875,208.37301635742188,94.01268005371094
2017-05-16,117.6500015258789,123.79624938964844,131.4139404296875,208.1821746826172,94.36212921142578
2017-05-17,119.79000091552734,120.45641326904297,128.07260131835938,204.4882049560547,95.73670196533203
2017-05-18,118.80999755859375,120.89398956298828,129.19265747070312,205.31195068359375,95.84539031982422
2017-05-19,119.4000015258789,121.47439575195312,129.7385711669922,206.64730834960938,96.0705795288086
2017-05-22,119.9000015258789,122.29594421386719,130.8303985595703,207.6965789794922,95.80657958984375
2017-05-23,119.13999938964844,122.69783020019531,130.96214294433594,208.1562042236328,95.16199493408203
2017-05-24,119.61000061035156,122.77816772460938,131.5644989013672,208.64175415039062,95.69786071777344
2017-05-25,119.4800033569336,122.85861206054688,132.6845703125,209.6389617919922,95.72891235351562
2017-05-26,120.54000091552734,122.82284545898438,132.91995239257812,209.59564208984375,95.89199829101562
2017-05-30,120.13999938964844,121.85842895507812,133.03285217285156,209.41355895996094,96.36569213867188
2017-05-31,120.62000274658203,121.73339080810547,132.9857635498047,209.3614501953125,96.6064682006836
2017-06-01,120.72000122070312,124.08202362060547,133.50344848632812,211.02638244628906,96.6165542602539
2017-06-02,121.61000061035156,124.8857192993164,135.0282745361328,211.72874450683594,97.76054382324219
2017-06-05,121.7300033569336,124.10877227783203,134.99998474121094,211.5726776123047,97.15353393554688
2017-06-06,123.0999984741211,123.9926528930664,134.46348571777344,210.89637756347656,97.6827392578125
2017-06-07,122.44999694824219,124.10877227783203,134.99058532714844,211.2865447998047,97.21577453613281
2017-06-08,121.6500015258789,125.80546569824219,135.1317596435547,211.39059448242188,96.95897674560547
2017-06-09,120.54000091552734,126.45734405517578,131.7527618408203,211.06973266601562,96.8111343383789
2017-06-12,120.36000061035156,126.25196838378906,131.046875,211.02638244628906,96.77995300292969
2017-06-13,120.4800033569336,126.8949203491211,132.1104278564453,212.05828857421875,96.79557037353516
2017-06-14,119.81999969482422,126.14482116699219,131.5362548828125,211.78948974609375,98.28972625732422
2017-06-15,119.31999969482422,125.50181579589844,130.9526824951172,211.3818817138672,98.13410949707031
2017-06-16,119.33999633789062,125.18927764892578,130.384521484375,211.42813110351562,98.32864379882812
2017-06-19,118.43000030517578,126.11801147460938,132.564697265625,213.18824768066406,98.18858337402344
2017-06-20,118.18000030517578,124.84101104736328,131.5265655517578,211.75051879882812,99.06793212890625
2017-06-21,118.5199966430664,124.52848815917969,132.8289337158203,211.6981964111328,99.2702865600586
2017-06-22,118.91999816894531,125.0018081665039,132.79124450683594,211.60232543945312,99.48821258544922
2017-06-23,119.43000030517578,125.83226776123047,133.3008575439453,211.85507202148438,99.4415283203125
2017-06-26,118.36000061035156,125.98405456542969,132.677978515625,211.99447631835938,99.81507873535156
2017-06-27,118.80999755859375,124.87671661376953,130.27127075195312,210.28662109375,98.74888610839844
2017-06-28,118.9000015258789,126.78776550292969,132.1494140625,212.1687469482422,98.42200469970703
2017-06-29,118.31999969482422,126.03762817382812,129.85604858398438,210.3040313720703,97.59710693359375
2017-06-30,118.0199966430664,125.8411865234375,129.9032440185547,210.69613647460938,97.37145233154297
2017-07-03,116.08999633789062,126.8949203491211,128.53472900390625,211.053466796875,97.0579605102539
2017-07-05,116.5199966430664,126.43946075439453,129.7993927001953,211.54136657714844,97.08136749267578
2017-07-06,116.47000122070312,124.78833770751953,128.6291046142578,209.60694885253906,96.2780532836914
2017-07-07,115.27999877929688,125.99917602539062,130.01646423339844,210.96629333496094,95.7010498046875
2017-07-10,115.47000122070312,125.45201873779297,130.8658905029297,211.19284057617188,95.84141540527344
2017-07-11,115.62000274658203,125.81975555419922,131.23399353027344,211.03598022460938,96.00513458251953
2017-07-12,116.02999877929688,126.78834533691406,132.79124450683594,212.6218719482422,96.66799926757812
2017-07-13,115.81999969482422,126.89599609375,133.08380126953125,212.97914123535156,96.05973815917969
2017-07-14,116.7699966430664,127.11124420166016,134.1314239501953,213.97247314453125,96.17671966552734
2017-07-17,117.29000091552734,127.40723419189453,134.19747924804688,213.9463653564453,96.44184875488281
2017-07-18,118.11000061035156,127.0753173828125,135.09405517578125,214.0596160888672,97.28411865234375
2017-07-19,118.08000183105469,128.3399200439453,135.8868408203125,215.21856689453125,97.32305145263672
2017-07-20,118.23999786376953,128.42958068847656,136.06619262695312,215.3144073486328,97.60381317138672
2017-07-21,119.26000213623047,127.8466567993164,136.00953674316406,215.12271118164062,98.01713562011719
2017-07-24,119.30999755859375,128.02597045898438,136.63243103027344,215.0704345703125,97.635009765625
2017-07-25,118.91999816894531,129.19195556640625,136.28323364257812,215.59324645996094,96.36389923095703
2017-07-26,119.87999725341797,128.47447204589844,136.726806640625,215.60194396972656,96.51986694335938
2017-07-27,119.79000091552734,127.65827941894531,135.86801147460938,215.4015350341797,96.04417419433594
2017-07-28,120.69000244140625,127.3174819946289,135.7547149658203,215.1488800048828,96.61345672607422
2017-07-31,120.75,126.91394805908203,135.1790008544922,215.02682495117188,96.73039245605469
2017-08-01,120.6500015258789,127.15608978271484,135.49046325683594,215.506103515625,97.40953826904297
2017-08-02,120.4000015258789,125.76591491699219,135.85855102539062,215.6106414794922,97.46429443359375
2017-08-03,120.58999633789062,125.13814544677734,135.3300018310547,215.1924285888672,98.4724349975586
2017-08-04,119.6500015258789,125.7480239868164,135.5753936767578,215.5845184326172,97.63619995117188
2017-08-07,119.51000213623047,125.95427703857422,136.4342803955078,215.98536682128906,97.7456283569336
2017-08-08,119.86000061035156,125.55966186523438,136.19830322265625,215.4538116455078,97.39390563964844
2017-08-09,121.30999755859375,124.4744644165039,136.01895141601562,215.44508361816406,97.92539978027344
2017-08-10,122.20999908447266,122.21440887451172,133.10272216796875,212.40402221679688,98.7616195678711
2017-08-11,122.79000091552734,122.39376831054688,134.112548828125,212.7177276611328,98.8084487915039
2017-08-14,121.91999816894531,124.2502670288086,135.83963012695312,214.82643127441406,98.30049133300781
2017-08-15,120.9800033569336,123.22784423828125,135.9340362548828,214.80026245117188,97.88629913330078
2017-08-16,121.87000274658203,123.26372528076172,136.17002868652344,215.1749725341797,98.24579620361328
2017-08-17,122.48999786376953,121.01256561279297,133.38577270507812,211.82022094726562,98.9804458618164
2017-08-18,122.30000305175781,121.003662109375,133.29141235351562,211.4890899658203,98.95698547363281
2017-08-21,122.76000213623047,120.92294311523438,133.12156677246094,211.65467834472656,99.19924926757812
2017-08-22,122.20999908447266,122.23236083984375,135.15069580078125,213.8679656982422,98.81629180908203
2017-08-23,122.66999816894531,122.03502655029297,134.66937255859375,213.1011199951172,99.4884033203125
2017-08-24,122.29000091552734,122.41173553466797,134.27293395996094,212.60443115234375,99.1211166381836
2017-08-25,122.73999786376953,122.7614517211914,133.9898223876953,213.1011199951172,99.5040512084961
2017-08-28,124.69000244140625,123.28164672851562,134.40505981445312,213.10986328125,99.44155883789062
2017-08-29,124.41999816894531,123.30854034423828,134.93360900878906,213.35382080078125,99.76194763183594
2017-08-30,124.36000061035156,124.09776306152344,136.51925659179688,214.36459350585938,99.73068237304688
2017-08-31,125.81999969482422,125.3175277709961,137.98211669921875,215.65423583984375,100.02769470214844
2017-09-01,126.05999755859375,126.02601623535156,137.79331970214844,215.9591827392578,99.2625503540039
2017-09-05,127.45999908447266,124.81526184082031,136.5569610595703,214.40814208984375,100.83665466308594
2017-09-06,126.80999755859375,125.07537078857422,136.9722442626953,215.14013671875,100.21798706054688
2017-09-07,128.1300048828125,124.76146697998047,137.2931365966797,215.11402893066406,101.24388122558594
2017-09-08,127.97000122070312,124.8601303100586,136.1039581298828,214.86126708984375,101.02460479736328
2017-09-11,126.19000244140625,126.16954803466797,137.67063903808594,217.15296936035156,99.81858825683594
2017-09-12,126.55999755859375,126.94080352783203,138.00096130371094,217.8849334716797,99.29387664794922
2017-09-13,125.61000061035156,127.3174819946289,138.189697265625,217.98948669433594,98.90230560302734
2017-09-14,126.16000366210938,127.2009048461914,137.37802124023438,217.91976928710938,99.30955505371094
2017-09-15,125.52999877929688,127.72110748291016,137.8499298095703,218.21315002441406,99.34869384765625
2017-09-18,124.36000061035156,128.59107971191406,137.66929626464844,218.67727661132812,98.77704620361328
2017-09-19,124.62000274658203,128.59107971191406,137.90573120117188,218.8961944580078,98.53424835205078
2017-09-20,123.62000274658203,129.0035858154297,137.48011779785156,218.9749755859375,98.6047134399414
2017-09-21,122.68000030517578,128.86903381347656,136.6383056640625,218.3883056640625,98.5499267578125
2017-09-22,123.23999786376953,129.4161376953125,136.50584411621094,218.4320526123047,98.83182525634766
2017-09-25,124.52999877929688,129.59548950195312,135.0681915283203,217.9854736328125,99.45050048828125
2017-09-26,123.13999938964844,130.00820922851562,135.4181671142578,218.11680603027344,99.27041625976562
2017-09-27,121.9800033569336,132.55238342285156,136.6383056640625,218.9662628173828,97.77460479736328
2017-09-28,122.20999908447266,132.90301513671875,136.5909881591797,219.22894287109375,97.48482513427734
2017-09-29,121.58000183105469,133.21771240234375,137.57470703125,219.99952697753906,97.7041015625
2017-10-02,120.7699966430664,134.85391235351562,137.69766235351562,220.95404052734375,97.52517700195312
2017-10-03,120.83000183105469,135.15065002441406,137.99085998535156,221.42689514160156,97.61937713623047
2017-10-04,121.16999816894531,134.7190704345703,138.12330627441406,221.6896514892578,97.62721252441406
2017-10-05,120.5199966430664,135.08766174316406,139.4759063720703,223.003173828125,97.2583999633789
2017-10-06,121.08999633789062,134.8988494873047,139.66500854492188,222.7491912841797,96.98371124267578
2017-10-09,122.08000183105469,134.34144592285156,139.50424194335938,222.38137817382812,97.28978729248047
2017-10-10,122.4000015258789,134.7280731201172,139.6082763671875,222.96812438964844,97.44674682617188
2017-10-11,122.79000091552734,134.62916564941406,140.02442932128906,223.31842041015625,97.63507080078125
2017-10-12,122.88999938964844,134.53028869628906,139.7690887451172,222.9856719970703,98.05094909667969
2017-10-13,123.81999969482422,134.28753662109375,140.30821228027344,223.25711059570312,98.7572021484375
2017-10-16,122.97000122070312,134.1706085205078,140.79061889648438,223.55487060546875,98.68658447265625
2017-10-17,122.12999725341797,133.78407287597656,140.9702911376953,223.7124786376953,98.81217956542969
2017-10-18,121.66999816894531,134.42236328125,140.80007934570312,223.93141174316406,98.16083526611328
2017-10-19,122.38999938964844,134.21563720703125,140.2798614501953,223.99269104003906,98.33346557617188
2017-10-20,121.61000061035156,134.83595275878906,140.65818786621094,225.14857482910156,97.28978729248047
2017-10-23,121.80000305175781,133.8290252685547,139.74073791503906,224.27288818359375,97.46240234375
2017-10-24,121.33000183105469,134.10772705078125,139.97718811035156,224.66693115234375,96.85822296142578
2017-10-25,121.3499984741211,133.46041870117188,139.447509765625,223.55487060546875,96.39522552490234
2017-10-26,120.33000183105469,133.73910522460938,139.00289916992188,223.84378051757812,96.07344055175781
2017-10-27,120.9000015258789,134.6651153564453,143.05116271972656,225.67405700683594,96.70909881591797
2017-10-30,121.12999725341797,133.24462890625,143.37283325195312,224.83335876464844,97.63507080078125
2017-10-31,120.66999816894531,134.1885986328125,143.9119415283203,225.18360900878906,97.66646575927734
2017-11-01,121.11000061035156,133.29859924316406,143.8646240234375,225.48138427734375,98.10128021240234
2017-11-02,121.19000244140625,133.6942138671875,143.59033203125,225.5689239501953,98.5338363647461
2017-11-03,120.62000274658203,133.60427856445312,144.97129821777344,226.3220672607422,98.80119323730469
2017-11-06,121.6500015258789,133.757080078125,145.4631805419922,226.67227172851562,99.17083740234375
2017-11-07,121.20999908447266,132.1568603515625,145.54820251464844,226.51470947265625,99.58760070800781
2017-11-08,121.62999725341797,132.33660888671875,146.13467407226562,226.89996337890625,99.36737060546875
2017-11-09,122.12999725341797,131.869140625,145.3685302734375,226.0768280029297,99.08428192138672
2017-11-10,121.12999725341797,131.7702178955078,145.3590850830078,226.00680541992188,97.59015655517578
2017-11-13,121.30999755859375,131.80621337890625,145.53875732421875,226.2169647216797,97.79462432861328
2017-11-14,121.55999755859375,131.44662475585938,145.00912475585938,225.6915283203125,98.45516204833984
2017-11-15,121.41000366210938,130.92518615722656,144.32809448242188,224.56187438964844,99.52466583251953
2017-11-16,121.4000015258789,132.84910583496094,146.17247009277344,226.4708709716797,98.65963745117188
2017-11-17,122.86000061035156,133.46041870117188,145.6144256591797,225.8053741455078,99.39099884033203
2017-11-20,121.30999755859375,134.431396484375,145.50099182128906,226.19068908691406,99.35166931152344
2017-11-21,121.51000213623047,135.83384704589844,147.0805206298828,227.67056274414062,99.66620635986328
2017-11-22,122.62999725341797,135.65408325195312,147.26025390625,227.46920776367188,99.98861694335938
2017-11-24,122.31999969482422,135.70802307128906,147.7993621826172,227.99456787109375,99.71341705322266
2017-11-27,122.83000183105469,135.2944793701172,147.7332000732422,227.8807830810547,99.57183837890625
2017-11-28,122.80999755859375,137.4251251220703,148.11151123046875,230.19256591796875,99.70552062988281
2017-11-29,122.04000091552734,137.8836212158203,145.52940368652344,230.0524444580078,98.72254943847656
2017-11-30,121.0999984741211,138.13534545898438,146.74951171875,232.0665740966797,98.39228820800781
2017-12-01,121.58999633789062,137.56898498535156,146.125244140625,231.58497619628906,99.72003936767578
2017-12-04,121.18000030517578,137.05653381347656,144.4416046142578,231.3047637939453,99.76729583740234
2017-12-05,120.31999969482422,135.6899871826172,144.53619384765625,230.4728240966797,100.2637710571289
2017-12-06,120.06999969482422,135.05174255371094,145.18881225585938,230.51658630371094,100.61048126220703
2017-12-07,118.48999786376953,135.9956817626953,145.6807098388672,231.243408203125,99.82245635986328
2017-12-08,118.4800033569336,136.12158203125,146.3238983154297,232.50437927246094,99.83035278320312
2017-12-11,118.01000213623047,136.067626953125,147.4589080810547,233.2049102783203,99.62547302246094
2017-12-12,118.1500015258789,135.6450653076172,147.26025390625,233.61651611328125,99.58605194091797
2017-12-13,119.16999816894531,136.45420837402344,147.5440216064453,233.59030151367188,100.33465576171875
2017-12-14,118.93000030517578,134.9438018798828,147.43995666503906,232.63572692871094,100.76021575927734
2017-12-15,119.18000030517578,136.8677215576172,149.1141357421875,234.5729522705078,101.13839721679688
2017-12-18,119.7300033569336,138.71971130371094,150.36434936523438,236.0605010986328,100.21646881103516
2017-12-19,119.81999969482422,137.62295532226562,149.4733123779297,235.1539306640625,98.91629028320312
2017-12-20,120.13999938964844,137.89260864257812,149.312255859375,235.03067016601562,97.82099151611328
2017-12-21,120.30999755859375,138.49639892578125,149.3311767578125,235.5148162841797,98.39110565185547
2017-12-22,120.94000244140625,138.24368286132812,149.16055297851562,235.45315551757812,98.52536010742188
2017-12-26,121.7699966430664,138.3248748779297,148.35488891601562,235.17153930664062,98.81755065917969
2017-12-27,122.2300033569336,138.18954467773438,148.37384033203125,235.28599548339844,100.10467529296875
2017-12-28,122.8499984741211,138.7310028076172,148.55392456054688,235.7700653076172,100.017822265625
2017-12-29,123.6500015258789,137.58493041992188,147.6345672607422,234.88111877441406,100.17570495605469
2018-01-02,125.1500015258789,138.88441467285156,150.2221221923828,236.56214904785156,99.09392547607422
2018-01-03,124.81999969482422,139.02883911132812,151.68182373046875,238.05841064453125,99.56767272949219
2018-01-04,125.45999908447266,139.3988037109375,151.94720458984375,239.06192016601562,99.55193328857422
2018-01-05,125.33000183105469,139.68760681152344,153.4731903076172,240.6549530029297,99.26763153076172
2018-01-08,125.30999755859375,139.90414428710938,154.07032775878906,241.09503173828125,99.20445251464844
2018-01-09,124.7300033569336,139.7146453857422,154.07981872558594,241.64071655273438,97.87783813476562
2018-01-10,125.02999877929688,139.7327117919922,153.71966552734375,241.27108764648438,97.75940704345703
2018-01-11,125.44000244140625,142.13314819335938,154.77174377441406,243.0314178466797,98.16209411621094
2018-01-12,126.95999908447266,142.72879028320312,155.90919494628906,244.6156463623047,98.3279800415039
2018-01-16,127.16999816894531,140.9058074951172,155.46371459960938,243.77952575683594,98.73859405517578
2018-01-17,126.13999938964844,142.24148559570312,157.1413116455078,246.10317993164062,98.60432434082031
2018-01-18,125.86000061035156,141.2667999267578,157.16978454589844,245.68948364257812,97.68834686279297
2018-01-19,126.41999816894531,143.12583923339844,157.6626434326172,246.8072967529297,97.17504119873047
2018-01-22,126.6500015258789,143.89291381835938,159.3498077392578,248.81407165527344,97.26979064941406
2018-01-23,127.27999877929688,144.35317993164062,160.667236328125,249.34219360351562,97.68834686279297
2018-01-24,128.8300018310547,143.45977783203125,159.62464904785156,249.2454071044922,97.15927124023438
2018-01-25,127.97000122070312,143.513916015625,159.56781005859375,249.35096740722656,97.95684051513672
2018-01-26,128.07000732421875,144.0282745361328,162.01319885253906,252.23785400390625,97.59354400634766
2018-01-29,127.3499984741211,143.21607971191406,161.22647094726562,250.5656280517578,96.91447448730469
2018-01-30,126.80000305175781,141.84437561035156,159.89956665039062,247.99549865722656,96.34591674804688
2018-01-31,127.6500015258789,141.10440063476562,160.56301879882812,248.1187744140625,96.91447448730469
2018-02-01,128.07000732421875,141.5465850830078,159.19810485839844,247.83709716796875,95.50988006591797
2018-02-02,126.38999938964844,138.82122802734375,156.0228729248047,242.441650390625,94.62366485595703
2018-02-05,126.70999908447266,133.48780822753906,149.8714599609375,232.3021697998047,95.51776123046875
2018-02-06,125.37999725341797,135.0851593017578,153.8428497314453,236.8790740966797,94.92436218261719
2018-02-07,124.79000091552734,135.2205352783203,151.85243225097656,235.593994140625,94.02225494384766
2018-02-08,124.9800033569336,131.2498321533203,145.445068359375,226.75717163085938,93.91935729980469
2018-02-09,124.7699966430664,132.4501190185547,147.9568328857422,230.163330078125,93.325927734375
2018-02-12,125.37000274658203,133.70448303222656,150.58230590820312,233.54318237304688,93.73739624023438
2018-02-13,126.08000183105469,133.9932098388672,151.3595428466797,234.12403869628906,94.15678405761719
2018-02-14,128.22999572753906,136.40272521972656,154.19358825683594,237.28395080566406,93.11229705810547
2018-02-15,128.3800048828125,137.89170837402344,157.0560302734375,240.3116912841797,93.42882537841797
2018-02-16,127.95999908447266,138.37899780273438,156.35464477539062,240.38206481933594,93.93521118164062
2018-02-20,126.23999786376953,137.241943359375,156.66741943359375,238.87698364257812,93.52375030517578
2018-02-21,125.66000366210938,137.3863525390625,156.221923828125,237.68875122070312,92.37637329101562
2018-02-22,126.30000305175781,137.16978454589844,156.20298767089844,237.99685668945312,92.6533203125
2018-02-23,126.13999938964844,138.95654296875,159.39718627929688,241.79037475585938,93.47624969482422
2018-02-26,126.44999694824219,139.8680419921875,161.51080322265625,244.5980682373047,93.50794219970703
2018-02-27,125.12999725341797,137.8556365966797,159.51089477539062,241.54397583007812,93.3734130859375
2018-02-28,125.0,135.68077087402344,158.48724365234375,239.0970458984375,93.96685791015625
2018-03-01,124.72000122070312,135.31980895996094,155.89967346191406,235.6204071044922,94.60835266113281
2018-03-02,125.38999938964844,137.48558044433594,157.3308868408203,236.83506774902344,93.8392333984375
2018-03-05,125.18000030517578,138.71295166015625,159.07493591308594,239.57232666015625,93.58547973632812
2018-03-06,126.52999877929688,140.21096801757812,159.7478790283203,240.1796112060547,93.6727066040039
2018-03-07,125.72000122070312,141.44729614257812,160.1175079345703,240.0917205810547,93.56961059570312
2018-03-08,125.41999816894531,141.15853881835938,160.9989776611328,241.2534637451172,94.10877990722656
2018-03-09,125.54000091552734,143.41455078125,164.12686157226562,245.451904296875,93.49034881591797
2018-03-12,125.54000091552734,143.6673126220703,164.99888610839844,245.14376831054688,94.0295181274414
2018-03-13,125.77999877929688,142.99949645996094,162.75253295898438,243.55947875976562,94.50523376464844
2018-03-14,125.69999694824219,142.32264709472656,162.7240753173828,242.30963134765625,95.33778381347656
2018-03-15,124.9000015258789,141.60972595214844,162.58192443847656,242.04566955566406,95.33778381347656
2018-03-16,124.5999984741211,142.40386962890625,162.09849548339844,242.30809020996094,94.9968490600586
2018-03-19,124.87000274658203,141.03221130371094,158.63992309570312,239.0295867919922,94.69554138183594
2018-03-20,124.30999755859375,140.99610900878906,159.1620635986328,239.4361114501953,94.31492614746094
2018-03-21,126.4800033569336,141.8173065185547,158.4690399169922,238.97654724121094,94.41802978515625
2018-03-22,125.9800033569336,138.70758056640625,154.55764770507812,233.00283813476562,95.3536605834961
2018-03-23,127.61000061035156,135.72268676757812,150.48486328125,228.03646850585938,95.28226470947266
2018-03-26,128.27999877929688,138.68951416015625,156.07667541503906,234.27528381347656,94.91756439208984
2018-03-27,127.48999786376953,136.00308227539062,151.02597045898438,230.28994750976562,95.9324722290039
2018-03-28,125.7300033569336,135.9578399658203,149.2886505126953,229.60943603515625,96.18617248535156
2018-03-29,125.79000091552734,137.3327178955078,152.02281188964844,232.543212890625,96.65399169921875
2018-04-02,127.26000213623047,133.9860076904297,147.63674926757812,227.52386474609375,96.84467315673828
2018-04-03,126.30000305175781,135.903564453125,149.29812622070312,230.44003295898438,96.0977783203125
2018-04-04,126.44999694824219,137.63119506835938,151.65255737304688,232.90553283691406,95.89913177490234
2018-04-05,125.80000305175781,138.77090454101562,152.51651000976562,234.74366760253906,95.18402862548828
2018-04-06,126.38999938964844,136.00308227539062,148.7000732421875,229.5121612548828,96.22489166259766
2018-04-09,126.81999969482422,136.1658935546875,149.74436950683594,230.643310546875,96.38384246826172
2018-04-10,127.12000274658203,138.73471069335938,153.0481414794922,234.31060791015625,96.20903015136719
2018-04-11,128.11000061035156,139.03321838378906,152.16526794433594,233.0823516845703,96.55067443847656
2018-04-12,126.62000274658203,139.98292541503906,153.99754333496094,234.99990844726562,95.84349822998047
2018-04-13,127.44999694824219,139.25030517578125,153.20004272460938,234.31060791015625,96.06597900390625
2018-04-16,127.62999725341797,140.53472900390625,154.36782836914062,236.2371368408203,96.0977783203125
2018-04-17,127.75,142.0633544921875,157.6905517578125,238.7645263671875,96.36002349853516
2018-04-18,127.8499984741211,142.4432373046875,158.0133514404297,238.9412078857422,95.5892562866211
2018-04-19,127.5999984741211,141.4573211669922,156.5608367919922,237.6156768798828,94.8105697631836
2018-04-20,126.62999725341797,140.69754028320312,154.08299255371094,235.60081481933594,94.12718200683594
2018-04-23,125.62000274658203,140.48948669433594,153.69371032714844,235.56552124023438,94.15103149414062
2018-04-24,126.2300033569336,139.68441772460938,150.4373779296875,232.39309692382812,93.72195434570312
2018-04-25,125.41000366210938,139.47642517089844,150.6177520751953,232.96746826171875,93.0942153930664
2018-04-26,124.97000122070312,140.11865234375,153.7886505126953,235.33578491210938,93.74576568603516
2018-04-27,125.5,139.9196014404297,153.8835906982422,235.55667114257812,94.46888732910156
2018-04-30,124.58999633789062,138.68043518066406,152.7917938232422,233.7451934814453,94.63573455810547
2018-05-01,123.70999908447266,139.35887145996094,154.5386505126953,234.16046142578125,94.29488372802734
2018-05-02,123.6500015258789,139.88343811035156,153.6272735595703,232.5875244140625,94.19139099121094
2018-05-03,124.27999877929688,139.12367248535156,153.60824584960938,232.07493591308594,94.61343383789062
2018-05-04,124.54000091552734,140.8603515625,156.5227813720703,235.07943725585938,94.75679016113281
2018-05-07,124.56999969482422,142.05426025390625,157.823486328125,235.87478637695312,94.60548400878906
2018-05-08,124.58999633789062,142.75979614257812,157.66213989257812,235.87478637695312,94.51782989501953
2018-05-09,124.33000183105469,143.5286407470703,159.3804931640625,238.15475463867188,93.95245361328125
2018-05-10,125.18000030517578,144.29751586914062,161.0323944091797,240.3816680908203,94.70897674560547
2018-05-11,125.0,144.57789611816406,160.88046264648438,241.1150665283203,94.94789123535156
2018-05-14,124.48999786376953,144.026123046875,161.15576171875,241.22996520996094,94.4461898803711
2018-05-15,122.4800033569336,144.0532989501953,159.37094116210938,239.5686492919922,93.37115478515625
2018-05-16,122.29000091552734,145.5547332763672,160.42477416992188,240.5760040283203,93.01278686523438
2018-05-17,122.36000061035156,146.22412109375,159.8076629638672,240.3727569580078,92.54292297363281
2018-05-18,122.41000366210938,146.41404724121094,158.98171997070312,239.7718505859375,93.33928680419922
2018-05-21,122.4800033569336,147.38185119628906,159.8740692138672,241.57460021972656,93.38700103759766
2018-05-22,122.41000366210938,146.3145751953125,159.665283203125,240.90296936035156,93.24373626708984
2018-05-23,122.54000091552734,146.50450134277344,161.0133819580078,241.56570434570312,93.92064666748047
2018-05-24,123.58999633789062,146.55880737304688,160.96588134765625,241.0709228515625,94.669189453125
2018-05-25,123.20999908447266,146.29644775390625,161.12730407714844,240.49652099609375,95.25849151611328
2018-05-29,123.19000244140625,146.09747314453125,160.4152374267578,237.73046875,97.34487915039062
2018-05-30,123.37000274658203,148.41305541992188,161.56398010253906,240.90296936035156,96.6918716430664
2018-05-31,123.0999984741211,147.22811889648438,161.4595947265625,239.4271697998047,96.53260040283203
2018-06-01,122.48999786376953,148.19595336914062,163.994384765625,241.7778778076172,96.02262115478516
2018-06-04,122.37000274658203,148.98289489746094,165.47540283203125,242.92662048339844,95.3281478881836
2018-06-05,122.8499984741211,149.90545654296875,165.98806762695312,243.10342407226562,95.55162048339844
2018-06-06,122.91999816894531,150.9909210205078,166.95640563964844,245.13589477539062,94.77740478515625
2018-06-07,122.86000061035156,150.1678466796875,165.5988311767578,245.109375,95.6953125
2018-06-08,123.01000213623047,150.62010192871094,165.6083526611328,245.833984375,95.40798950195312
2018-06-11,123.2300033569336,150.84622192382812,166.0545196533203,246.1609344482422,95.23235321044922
2018-06-12,122.81999969482422,151.53359985351562,166.92796325683594,246.4790802001953,95.25627899169922
2018-06-13,123.19000244140625,150.93663024902344,166.91847229003906,245.692626953125,95.20842742919922
2018-06-14,123.37999725341797,151.74169921875,168.6083221435547,246.3112030029297,95.99862670898438
2018-06-15,121.33999633789062,151.7869110107422,168.01976013183594,245.99693298339844,96.08641815185547
2018-06-18,121.11000061035156,152.5014190673828,167.92271423339844,245.490966796875,95.99862670898438
2018-06-19,120.80000305175781,152.510498046875,167.44699096679688,244.55014038085938,96.55736541748047
2018-06-20,120.26000213623047,153.74061584472656,168.63623046875,244.96725463867188,95.71131896972656
2018-06-21,120.05000305175781,152.302490234375,167.17108154296875,243.4316864013672,96.21416473388672
2018-06-22,120.33999633789062,151.79592895507812,166.80003356933594,243.8754119873047,96.20616149902344
2018-06-25,119.88999938964844,149.31752014160156,163.0419921875,240.5556182861328,96.42168426513672
2018-06-26,119.26000213623047,150.18589782714844,163.70794677734375,241.08824157714844,96.55736541748047
2018-06-27,118.58000183105469,147.77989196777344,161.48165893554688,239.09091186523438,97.46734619140625
2018-06-28,118.22000122070312,148.23216247558594,162.87071228027344,240.4579620361328,97.49125671386719
2018-06-29,118.6500015258789,148.1326446533203,163.30836486816406,240.80413818359375,97.15599060058594
2018-07-02,117.45999908447266,149.15469360351562,164.4024658203125,241.31893920898438,97.08002471923828
2018-07-03,118.6500015258789,149.7493438720703,162.4996795654297,240.4668731689453,97.60002136230469
2018-07-05,119.05000305175781,151.45596313476562,164.5166473388672,242.42849731445312,97.8800048828125
2018-07-06,118.86000061035156,152.73597717285156,167.07591247558594,244.47906494140625,98.20000457763672
2018-07-09,119.1500015258789,153.69821166992188,168.5791473388672,246.68038940429688,97.56797790527344
2018-07-10,118.93000030517578,152.99920654296875,168.70285034179688,247.56814575195312,97.56000518798828
2018-07-11,117.63999938964844,151.70108032226562,167.8465576171875,245.75730895996094,97.93598937988281
2018-07-12,118.12999725341797,152.4364013671875,170.7388153076172,247.9852752685547,97.9279556274414
2018-07-13,117.61000061035156,151.98251342773438,170.88156127929688,248.18067932128906,98.17601776123047
2018-07-16,117.55000305175781,151.39247131347656,170.47242736816406,247.95870971679688,97.76803588867188
2018-07-17,116.27999877929688,152.06422424316406,171.5094757080078,248.96170043945312,97.58401489257812
2018-07-18,116.30999755859375,152.4908905029297,171.1859588623047,249.48545837402344,97.19197845458984
2018-07-19,115.80999755859375,153.5711669921875,170.32974243164062,248.54452514648438,97.8079605102539
2018-07-20,116.55999755859375,152.9447479248047,170.2916259765625,248.2605438232422,96.60802459716797
2018-07-23,116.0,153.13540649414062,170.83396911621094,248.72213745117188,95.41597747802734
2018-07-24,116.04000091552734,151.50140380859375,171.53797912597656,249.9737091064453,95.74403381347656
2018-07-25,116.68000030517578,152.05514526367188,173.935546875,252.10398864746094,95.59196472167969
2018-07-26,115.7699966430664,152.87210083007812,171.30018615722656,251.50933837890625,95.40802764892578
2018-07-27,115.83000183105469,150.02171325683594,168.98826599121094,249.8050079345703,95.56803131103516
2018-07-30,115.6500015258789,149.0594024658203,166.60025024414062,248.50018310546875,95.24003601074219
2018-07-31,115.98999786376953,150.57545471191406,167.87509155273438,249.72511291503906,95.760009765625
2018-08-01,115.13999938964844,150.4755859375,168.5124969482422,249.30792236328125,94.97985076904297
2018-08-02,114.5199966430664,151.5740509033203,170.8054656982422,250.6660919189453,95.11614227294922
2018-08-03,114.91999816894531,151.0474853515625,171.32870483398438,251.7401123046875,95.58924102783203
2018-08-06,114.33000183105469,151.89173889160156,172.33717346191406,252.66329956054688,95.64533996582031
2018-08-07,114.58999633789062,152.25486755371094,172.96510314941406,253.49765014648438,95.14822387695312
2018-08-08,114.91000366210938,152.11866760253906,173.17442321777344,253.39122009277344,95.24444580078125
2018-08-09,114.73999786376953,152.50906372070312,173.06976318359375,253.0449981689453,96.04625701904297
2018-08-10,114.69000244140625,152.08238220214844,171.74732971191406,251.3495330810547,96.74380493164062
2018-08-13,112.95999908447266,151.19271850585938,171.5570526123047,250.40858459472656,96.54334259033203
2018-08-14,113.06999969482422,152.69058227539062,172.63209533691406,252.00643920898438,96.32685089111328
2018-08-15,111.19000244140625,150.77513122558594,170.51998901367188,250.1246337890625,96.88813781738281
2018-08-16,111.0999984741211,152.1731414794922,171.08132934570312,252.1485137939453,96.88011932373047
2018-08-17,112.12999725341797,152.8267822265625,171.11941528320312,253.03611755371094,97.00040435791016
2018-08-20,112.69000244140625,153.25343322753906,170.9671630859375,253.57754516601562,97.64984130859375
2018-08-21,113.0199966430664,155.01454162597656,171.59507751464844,254.17237854003906,97.32107543945312
2018-08-22,113.2699966430664,155.3957977294922,172.26107788085938,254.02139282226562,97.70591735839844
2018-08-23,112.19999694824219,154.9237823486328,172.01373291015625,253.6841278076172,97.85832977294922
2018-08-24,114.16000366210938,155.7680206298828,173.61203002929688,255.2108154296875,98.05072784423828
2018-08-27,114.58999633789062,155.99493408203125,175.3816680908203,257.225830078125,97.48944854736328
2018-08-28,113.68000030517578,156.1402130126953,175.6385955810547,257.3501281738281,96.90415954589844
2018-08-29,114.19999694824219,156.5941162109375,177.66505432128906,258.7348327636719,97.03245544433594
2018-08-30,113.63999938964844,156.4669952392578,177.35108947753906,257.6873779296875,97.24089813232422
2018-08-31,113.51000213623047,157.06610107421875,177.57940673828125,257.6963195800781,97.01638793945312
2018-09-04,112.93000030517578,156.36712646484375,176.81832885742188,257.2524108886719,96.45549011230469
2018-09-05,113.31999969482422,155.94955444335938,174.5349578857422,256.5600891113281,96.19835662841797
2018-09-06,113.54000091552734,154.8965301513672,172.97462463378906,255.78787231445312,96.55192565917969
2018-09-07,113.2300033569336,154.81478881835938,172.3086700439453,255.290771484375,95.73225402832031
2018-09-10,113.1500015258789,155.00550842285156,172.8889923095703,255.7344970703125,96.08588409423828
2018-09-11,113.22000122070312,155.25965881347656,174.22096252441406,256.5779113769531,95.35456848144531
2018-09-12,114.16999816894531,154.887451171875,173.70721435546875,256.63995361328125,95.5796127319336
2018-09-13,113.76000213623047,154.9237823486328,175.56248474121094,258.1578674316406,95.7242202758789
2018-09-14,113.0199966430664,155.577392578125,175.0487060546875,258.2022705078125,95.26618194580078
2018-09-17,113.61000061035156,153.92514038085938,172.52748107910156,256.83526611328125,95.26618194580078
2018-09-18,113.44000244140625,154.56973266601562,173.9545440673828,258.22894287109375,94.26971435546875
2018-09-19,113.87999725341797,154.00685119628906,173.82139587402344,258.5040588378906,93.70722198486328
2018-09-20,114.2699966430664,155.43212890625,175.7432403564453,260.59893798828125,94.14111328125
2018-09-21,113.48999786376953,154.68772888183594,174.78228759765625,260.36090087890625,94.10094451904297
2018-09-24,113.47000122070312,154.11582946777344,175.2683868408203,259.4958801269531,93.85987091064453
2018-09-25,113.6500015258789,154.3518524169922,175.50668334960938,259.25518798828125,93.76347351074219
2018-09-26,113.05000305175781,152.94105529785156,175.63058471679688,258.4793701171875,94.42243194580078
2018-09-27,112.05000305175781,152.95013427734375,177.11740112304688,259.20166015625,94.48670196533203
2018-09-28,112.76000213623047,153.41436767578125,177.07931518554688,259.2284240722656,94.23760986328125
2018-10-01,112.56999969482422,151.39369201660156,177.4414825439453,260.1290283203125,93.54574584960938
2018-10-02,113.87000274658203,149.7552947998047,177.04116821289062,259.97747802734375,94.1175765991211
2018-10-03,113.41999816894531,151.06605529785156,177.23182678222656,260.12017822265625,92.482666015625
2018-10-04,113.4800033569336,148.94522094726562,173.82920837402344,258.087158203125,91.83026123046875
2018-10-05,113.80000305175781,147.5981903076172,171.70376586914062,256.6425476074219,91.0409927368164
2018-10-08,112.54000091552734,147.28871154785156,170.6553192138672,256.6425476074219,90.7349624633789
2018-10-09,112.5999984741211,146.71527099609375,171.20814514160156,256.2680358886719,91.6530532836914
2018-10-10,112.87999725341797,142.50103759765625,163.6785430908203,248.15379333496094,91.40340423583984
2018-10-11,115.77999877929688,139.7795867919922,161.6483917236328,242.68783569335938,92.51483917236328
2018-10-12,115.2300033569336,139.8068084716797,166.14707946777344,246.05836486816406,92.19267272949219
2018-10-15,116.0,140.32569885253906,164.135986328125,244.67636108398438,92.15239715576172
2018-10-16,115.80000305175781,144.394287109375,168.91111755371094,250.0263214111328,92.3618392944336
2018-10-17,115.79000091552734,143.7753143310547,168.9778289794922,250.07093811035156,91.81420135498047
2018-10-18,115.91999816894531,141.0811309814453,165.06045532226562,246.4595489501953,91.78196716308594
2018-10-19,116.01000213623047,139.58840942382812,164.90798950195312,246.32583618164062,91.58061981201172
2018-10-22,115.70999908447266,139.28802490234375,165.75628662109375,245.22023010253906,91.45980834960938
2018-10-23,116.38999938964844,138.04103088378906,165.14627075195312,243.97183227539062,91.74976348876953
2018-10-24,116.66000366210938,132.84378051757812,157.588134765625,236.57986450195312,92.4423599243164
2018-10-25,116.4000015258789,135.7200469970703,163.03994750976562,240.82420349121094,92.0558090209961
2018-10-26,116.7699966430664,134.2363739013672,158.84620666503906,236.58876037597656,92.61151885986328
2018-10-29,116.30999755859375,133.49913024902344,155.57701110839844,235.27796936035156,92.402099609375
2018-10-30,115.80000305175781,136.28439331054688,158.14089965820312,238.76446533203125,91.9430160522461
2018-10-31,115.1500015258789,136.55740356445312,161.85804748535156,241.31459045410156,91.47589874267578
2018-11-01,116.62999725341797,139.7067108154297,163.99302673339844,243.88267517089844,91.5606689453125
2018-11-02,116.6500015258789,140.1708984375,161.4386749267578,242.4381561279297,90.42233276367188
2018-11-05,116.37000274658203,140.0616912841797,161.0383758544922,243.7756805419922,90.7775650024414
2018-11-06,116.04000091552734,140.7534637451172,162.2583465576172,245.3182830810547,90.72105407714844
2018-11-07,116.02999877929688,143.27471923828125,167.3479766845703,250.57029724121094,90.84212493896484
2018-11-08,115.77999877929688,142.8924102783203,166.28053283691406,250.11546325683594,90.8340835571289
2018-11-09,114.4800033569336,140.2437286376953,163.47836303710938,247.67233276367188,91.5122299194336
2018-11-12,113.66000366210938,137.4676513671875,158.5316925048828,243.04452514648438,92.1096420288086
2018-11-13,113.69999694824219,137.0307159423828,158.6650848388672,242.58966064453125,92.05313873291016
2018-11-14,114.63999938964844,136.0294952392578,157.45468139648438,240.93121337890625,92.1096420288086
2018-11-15,114.7699966430664,137.9682159423828,160.2091827392578,243.44569396972656,92.06929779052734
2018-11-16,115.62000274658203,138.29588317871094,159.64683532714844,244.078857421875,92.60216522216797
2018-11-19,115.66999816894531,135.49246215820312,154.46185302734375,239.9503631591797,92.86048126220703
2018-11-20,115.66999816894531,132.88026428222656,151.69786071777344,235.50982666015625,92.89277648925781
2018-11-21,115.86000061035156,134.73704528808594,152.85107421875,236.3123321533203,92.86048126220703
2018-11-23,115.7699966430664,134.60960388183594,151.74551391601562,234.73403930664062,92.9573974609375
2018-11-26,115.63999938964844,136.35716247558594,155.25294494628906,238.523681640625,92.74747467041016
2018-11-27,114.94999694824219,135.22854614257812,155.77723693847656,239.32615661621094,92.8524169921875
2018-11-28,115.37999725341797,138.56895446777344,160.79058837890625,244.83673095703125,92.40027618408203
2018-11-29,115.73999786376953,138.19577026367188,160.26638793945312,244.30172729492188,92.76361846923828
2018-11-30,115.54000091552734,138.9148712158203,161.42918395996094,245.7908477783203,93.11074829101562
2018-12-03,116.41000366210938,140.2437286376953,164.25038146972656,249.04542541503906,93.77188873291016
2018-12-04,117.12000274658203,134.27281188964844,157.95028686523438,240.975830078125,95.34178161621094
2018-12-06,117.13999938964844,133.98155212402344,159.0653839111328,240.61016845703125,95.64120483398438
2018-12-07,118.08999633789062,131.0871124267578,153.81378173828125,235.01947021484375,95.81925964355469
2018-12-10,117.68000030517578,130.70481872558594,155.42454528808594,235.46522521972656,96.21572875976562
2018-12-11,117.54000091552734,130.56832885742188,155.93923950195312,235.5187225341797,96.19955444335938
2018-12-12,117.79000091552734,131.81529235839844,157.31167602539062,236.70469665527344,95.7706527709961
2018-12-13,117.52999877929688,129.94935607910156,157.359375,236.6243438720703,95.5440673828125
2018-12-14,117.05999755859375,127.98335266113281,153.52784729003906,232.2552032470703,95.87589263916016
2018-12-17,117.87000274658203,125.1330795288086,150.0489501953125,227.69869995117188,96.4342269897461
2018-12-18,118.1500015258789,124.97787475585938,150.99253845214844,227.4490203857422,97.01175689697266
2018-12-19,117.43000030517578,122.3751220703125,147.284912109375,224.04283142089844,98.29336547851562
2018-12-20,119.23999786376953,120.3567886352539,145.1499481201172,220.39585876464844,97.93643188476562
2018-12-21,118.72000122070312,117.23351287841797,140.6512451171875,215.88009643554688,97.92021942138672
2018-12-24,120.0199966430664,114.95950317382812,137.16336059570312,210.17591857910156,98.40686798095703
2018-12-26,119.66000366210938,120.48464965820312,145.72772216796875,220.7949981689453,97.3524169921875
2018-12-27,120.56999969482422,120.9869613647461,146.2917022705078,222.49009704589844,97.36863708496094
2018-12-28,121.05999755859375,121.333984375,146.2152099609375,222.20309448242188,98.18791198730469
2018-12-31,121.25,122.28374481201172,147.44825744628906,224.1493682861328,98.56103515625
2019-01-02,121.33000183105469,122.97784423828125,148.04087829589844,224.38247680664062,99.08014678955078
2019-01-03,122.43000030517578,120.77690124511719,143.20433044433594,219.02810668945312,100.20760345458984
2019-01-04,121.44000244140625,125.28837585449219,149.33123779296875,226.36463928222656,99.04771423339844
2019-01-07,121.86000061035156,127.4801254272461,151.10910034179688,228.14947509765625,98.75569152832031
2019-01-08,121.52999877929688,129.43447875976562,152.47596740722656,230.29299926757812,98.49613952636719
2019-01-09,122.30999755859375,130.50296020507812,153.7185516357422,231.3692626953125,98.3420181274414
2019-01-10,121.58999633789062,131.17877197265625,154.15821838378906,232.1854248046875,97.70933532714844
2019-01-11,121.80000305175781,131.21533203125,153.5942840576172,232.27513122558594,98.09054565429688
2019-01-14,122.08999633789062,129.9093475341797,152.23704528808594,230.85801696777344,97.72554779052734
2019-01-15,121.87999725341797,131.00527954101562,155.20965576171875,233.50387573242188,97.36863708496094
2019-01-16,122.2699966430664,131.982421875,155.1809844970703,234.0689239501953,97.46600341796875
2019-01-17,122.11000061035156,133.17880249023438,156.4044189453125,235.84471130371094,97.49028778076172
2019-01-18,121.0199966430664,134.54867553710938,157.95294189453125,238.9838409423828,96.97929382324219
2019-01-22,121.44999694824219,132.42080688476562,154.78907775878906,235.75503540039062,97.63632202148438
2019-01-23,121.27999877929688,132.05548095703125,154.9898223876953,236.24830627441406,97.59575653076172
2019-01-24,121.08999633789062,132.8500518798828,155.99346923828125,236.3738555908203,98.236572265625
2019-01-25,122.86000061035156,134.5578155517578,157.85731506347656,238.37391662597656,97.76609802246094
2019-01-28,123.29000091552734,133.83631896972656,155.9074249267578,236.56224060058594,97.66874694824219
2019-01-29,123.9800033569336,133.51666259765625,154.43544006347656,236.24830627441406,98.16354370117188
2019-01-30,124.69000244140625,134.97789001464844,158.3639373779297,239.98829650878906,98.09054565429688
2019-01-31,124.75,136.1285858154297,160.73448181152344,242.09603881835938,98.9341049194336
2019-02-01,124.5,136.2381591796875,160.05577087402344,242.21261596679688,98.33660888671875
2019-02-04,123.95999908447266,137.86376953125,162.04397583007812,243.91673278808594,97.8976058959961
2019-02-05,124.27999877929688,138.00985717773438,163.47772216796875,244.93911743164062,98.34473419189453
2019-02-06,123.44000244140625,137.83631896972656,162.99024963378906,244.61624145507812,98.39350128173828
2019-02-07,123.73999786376953,136.7039031982422,160.80130004882812,242.2843017578125,99.04386138916016
2019-02-08,124.20999908447266,136.85003662109375,161.11676025390625,242.580322265625,99.46665954589844
2019-02-11,123.5999984741211,137.99163818359375,160.96385192871094,242.7148895263672,99.07642364501953
2019-02-12,123.86000061035156,139.71766662597656,163.34388732910156,245.83604431152344,98.82437896728516
2019-02-13,123.37000274658203,140.11032104492188,163.45858764648438,246.6343231201172,98.45042419433594
2019-02-14,124.05999755859375,140.4299774169922,163.65931701660156,246.08714294433594,99.01138305664062
2019-02-15,124.80000305175781,142.66737365722656,164.34754943847656,248.76882934570312,99.16584777832031
2019-02-19,126.69999694824219,143.06015014648438,164.67250061035156,249.19932556152344,99.41786193847656
2019-02-20,126.4800033569336,143.73593139648438,164.64381408691406,249.70164489746094,99.13331604003906
2019-02-21,125.05000305175781,143.18798828125,164.04164123535156,248.8136749267578,98.24720001220703
2019-02-22,125.5,144.4300079345703,165.25559997558594,250.35629272460938,98.83250427246094
2019-02-25,125.37000274658203,144.46652221679688,165.85777282714844,250.69717407226562,98.53984832763672
2019-02-26,125.58000183105469,143.47103881835938,166.0298309326172,250.5177764892578,99.02764129638672
2019-02-27,124.69000244140625,143.67202758789062,165.92465209960938,250.41017150878906,97.9057388305664
2019-02-28,123.98999786376953,143.17884826660156,165.5423126220703,249.94374084472656,97.57243347167969
2019-03-01,121.87999725341797,144.51217651367188,166.6893310546875,251.5043182373047,96.6705551147461
2019-03-04,121.55999755859375,143.206298828125,166.71800231933594,250.58953857421875,97.42823791503906
2019-03-05,121.72000122070312,142.53958129882812,166.84230041503906,250.2486114501953,97.63190460205078
2019-03-06,121.61000061035156,139.74502563476562,165.89598083496094,248.73294067382812,97.9903335571289
2019-03-07,121.51000213623047,138.52130126953125,163.86000061035156,246.6522216796875,98.62582397460938
2019-03-08,122.83999633789062,138.48475646972656,163.61151123046875,246.1588592529297,99.0412826538086
2019-03-11,122.23999786376953,140.9048614501953,167.0143280029297,249.728515625,98.74799346923828
2019-03-12,122.9800033569336,140.97789001464844,167.93190002441406,250.6702117919922,99.44049835205078
2019-03-13,123.83999633789062,141.53497314453125,169.1936492919922,252.32948303222656,99.25308227539062
2019-03-14,122.41000366210938,140.95960998535156,168.90689086914062,252.16796875,98.53617095947266
2019-03-15,122.97000122070312,141.3340606689453,170.47450256347656,253.41387939453125,99.18795013427734
2019-03-18,123.04000091552734,142.23822021484375,170.88052368164062,254.33270263671875,99.13089752197266
2019-03-19,123.37999725341797,141.5167999267578,171.45504760742188,254.39576721191406,98.91093444824219
2019-03-20,124.18000030517578,140.3373565673828,172.13490295410156,253.62997436523438,99.94559478759766
2019-03-21,123.68000030517578,142.17782592773438,174.82574462890625,256.4946594238281,100.16555786132812
2019-03-22,123.97000122070312,137.00424194335938,170.98580932617188,251.55816650390625,101.72159576416016
2019-03-25,124.91999816894531,137.6085968017578,170.66021728515625,251.3689727783203,101.8844985961914
2019-03-26,124.30000305175781,139.05540466308594,171.45504760742188,253.2427215576172,101.81124114990234
2019-03-27,123.6500015258789,138.51510620117188,170.35382080078125,251.91845703125,102.74811553955078
2019-03-28,121.9000015258789,139.7512664794922,170.74644470214844,252.87335205078125,103.10662841796875
2019-03-29,122.01000213623047,140.1816864013672,172.03916931152344,254.46786499023438,103.0088119506836
2019-04-01,121.52999877929688,141.71083068847656,174.31822204589844,257.4856262207031,101.545654296875
2019-04-02,121.9800033569336,141.34458923339844,174.97889709472656,257.61181640625,101.73345184326172
2019-04-03,121.80000305175781,142.07713317871094,175.98439025878906,258.0170593261719,100.85165405273438
2019-04-04,122.11000061035156,142.77305603027344,175.91734313964844,258.7017822265625,101.13744354248047
2019-04-05,121.9800033569336,144.10992431640625,176.8270721435547,259.9539489746094,101.26809692382812
2019-04-08,122.51000213623047,143.87184143066406,177.2771453857422,260.1521301269531,100.9088134765625
2019-04-09,123.1500015258789,142.11373901367188,176.6547088623047,258.8188781738281,101.22725677490234
2019-04-10,123.52999877929688,144.04583740234375,177.6027374267578,259.7016906738281,101.47220611572266
2019-04-11,121.94999694824219,143.86273193359375,177.18141174316406,259.629638671875,100.87615203857422
2019-04-12,121.83000183105469,144.3846435546875,177.94744873046875,261.3862609863281,100.15765380859375
2019-04-15,121.5999984741211,143.91766357421875,177.97613525390625,261.215087890625,100.41075897216797
2019-04-16,120.51000213623047,144.25645446777344,178.58900451660156,261.3862609863281,99.78211975097656
2019-04-17,120.27999877929688,142.93789672851562,179.21145629882812,260.7466125488281,99.82291412353516
2019-04-18,120.37000274658203,142.5166473388672,179.44126892089844,261.2601013183594,100.34544372558594
2019-04-22,120.37000274658203,142.14125061035156,179.9487762451172,261.4853515625,99.86373138427734
2019-04-23,120.12000274658203,144.28395080566406,182.23739624023438,263.8365173339844,100.07603454589844
2019-04-24,120.47000122070312,144.73260498046875,181.66287231445312,263.2510070800781,100.89249420166016
2019-04-25,120.56999969482422,143.53305053710938,182.40020751953125,263.08880615234375,100.74554443359375
2019-04-26,121.37000274658203,144.92489624023438,182.56297302246094,264.3141174316406,101.08843994140625
2019-04-29,120.83000183105469,145.62083435058594,182.9172821044922,264.72845458984375,100.44342041015625
2019-04-30,121.19999694824219,144.9432373046875,181.50010681152344,264.863525390625,100.95781707763672
2019-05-01,120.4000015258789,143.5697021484375,180.91595458984375,262.87261962890625,101.37425231933594
2019-05-02,119.94000244140625,144.23812866210938,180.13072204589844,262.3050231933594,100.89154815673828
2019-05-03,120.6500015258789,146.99432373046875,183.00347900390625,264.87249755859375,101.17791748046875
2019-05-06,120.80999755859375,147.1591796875,181.88308715820312,263.7825622558594,101.45608520507812
2019-05-07,121.20999908447266,144.24728393554688,178.34002685546875,259.3774108886719,102.2333984375
2019-05-08,120.91000366210938,143.54222106933594,177.8899688720703,259.01702880859375,101.79157257080078
2019-05-09,121.19999694824219,143.020263671875,176.9324188232422,258.2332458496094,102.20885467529297
2019-05-10,121.43000030517578,143.41404724121094,177.1526641845703,259.53045654296875,102.0697250366211
2019-05-13,122.66999816894531,138.8447723388672,171.0049591064453,253.008544921875,102.87158203125
2019-05-14,122.45999908447266,140.59373474121094,172.88182067871094,255.29661560058594,102.56884002685547
2019-05-15,122.38999938964844,141.05157470703125,175.32366943359375,256.79205322265625,103.19886016845703
2019-05-16,121.51000213623047,141.9305877685547,177.08560180664062,259.1702880859375,102.85520935058594
2019-05-17,120.6500015258789,139.95272827148438,175.27581787109375,257.49468994140625,103.08426666259766
2019-05-20,120.63999938964844,138.98211669921875,172.31686401367188,255.79209899902344,102.87158203125
2019-05-21,120.36000061035156,140.85008239746094,174.11712646484375,258.09814453125,102.70793151855469
2019-05-22,120.23999786376953,139.66893005371094,173.34144592285156,257.30548095703125,103.29698944091797
2019-05-23,121.16999816894531,136.793701171875,170.68896484375,254.16151428222656,104.45885467529297
2019-05-24,121.30000305175781,138.07557678222656,170.60279846191406,254.73822021484375,104.54888153076172
2019-05-28,120.83000183105469,136.97677612304688,169.9612274169922,252.368896484375,105.3016128540039
2019-05-29,120.87000274658203,135.83218383789062,168.56314086914062,250.67526245117188,105.62071228027344
2019-05-30,121.69000244140625,135.4567413330078,169.271728515625,251.3599853515625,106.52891540527344
2019-05-31,123.33000183105469,133.56129455566406,166.5713653564453,247.9727325439453,107.8625717163086
2019-06-03,125.11000061035156,134.0282745361328,162.90382385253906,247.34222412109375,108.58407592773438
2019-06-04,125.1500015258789,137.49871826171875,167.49066162109375,252.7112274169922,107.34600067138672
2019-06-05,125.47000122070312,137.52622985839844,168.73548889160156,254.90029907226562,106.73930358886719
2019-06-06,125.87999725341797,137.16909790039062,170.0761260986328,256.5577392578125,107.08369445800781
2019-06-07,126.58999633789062,138.1396942138672,173.36062622070312,259.12518310546875,108.0101318359375
2019-06-10,125.33000183105469,138.95468139648438,175.38113403320312,260.31427001953125,106.99347686767578
2019-06-11,125.18000030517578,138.5426025390625,175.6205291748047,260.251220703125,107.05906677246094
2019-06-12,125.83000183105469,138.69827270507812,174.60549926757812,259.7917785644531,107.14107513427734
2019-06-13,126.5999984741211,140.16334533691406,175.6396484375,260.86370849609375,107.510009765625
2019-06-14,126.55999755859375,138.93634033203125,174.89280700683594,260.57550048828125,107.7806167602539
2019-06-17,126.4800033569336,139.8947296142578,175.94607543945312,260.6745910644531,107.9691162109375
2019-06-18,127.12000274658203,141.52122497558594,178.5028076171875,263.40411376953125,108.51022338867188
2019-06-19,127.88999938964844,142.02664184570312,179.17308044433594,263.99871826171875,108.66603088378906
2019-06-20,131.11000061035156,142.6974334716797,180.8394012451172,266.52093505859375,108.95298767089844
2019-06-21,131.97999572753906,141.46607971191406,180.57119750976562,266.1335754394531,107.75593566894531
2019-06-24,133.94000244140625,139.74774169921875,180.5769805908203,265.80767822265625,108.55944061279297
2019-06-25,134.1999969482422,138.89312744140625,177.47711181640625,263.2006530761719,108.89556884765625
2019-06-26,132.97000122070312,138.5715789794922,178.30245971679688,262.938232421875,108.19873046875
2019-06-27,132.83999633789062,141.17202758789062,178.98387145996094,263.8705139160156,108.9611587524414
2019-06-28,133.1999969482422,142.89041137695312,179.2141876220703,265.22845458984375,108.88739013671875
2019-07-01,130.6199951171875,143.44180297851562,181.63262939453125,267.63623046875,108.63273620605469
2019-07-02,133.41000366210938,142.56881713867188,182.35240173339844,268.3332214355469,109.47063446044922
2019-07-03,133.6300048828125,143.58876037597656,183.7247772216797,270.4786071777344,110.25108337402344
2019-07-05,132.13999938964844,143.97471618652344,183.35049438476562,270.1708068847656,108.7887954711914
2019-07-08,131.2899932861328,142.6055450439453,182.0644989013672,268.6862487792969,108.93669891357422
2019-07-09,131.75,142.79849243164062,182.97622680664062,269.021240234375,108.89558410644531
2019-07-10,133.8300018310547,143.04656982421875,184.79966735839844,270.306640625,108.29598236083984
2019-07-11,132.6999969482422,142.34825134277344,184.66525268554688,270.94036865234375,106.8501205444336
2019-07-12,133.52999877929688,143.45098876953125,185.73052978515625,272.1532897949219,106.97331237792969
2019-07-15,133.52999877929688,142.6974334716797,186.32554626464844,272.24383544921875,107.58946990966797
2019-07-16,132.39999389648438,142.65150451660156,185.36587524414062,271.36578369140625,107.2690200805664
2019-07-17,134.5800018310547,141.63153076171875,184.45416259765625,269.51904296875,108.42737579345703
2019-07-18,136.47999572753906,142.16445922851562,184.66525268554688,270.5057678222656,108.43556213378906
2019-07-19,134.47000122070312,141.34661865234375,183.31210327148438,269.003173828125,108.180908203125
2019-07-22,134.4499969482422,141.218017578125,184.7708282470703,269.66387939453125,108.38629150390625
2019-07-23,133.69000244140625,142.1552734375,185.98004150390625,271.5920104980469,107.79486846923828
2019-07-24,134.3699951171875,144.5076904296875,187.28521728515625,272.86834716796875,108.2630615234375
2019-07-25,133.4199981689453,142.76174926757812,185.50982666015625,271.5648498535156,107.74555206298828
2019-07-26,133.63999938964844,144.45257568359375,187.4196014404297,273.3843994140625,108.00018310546875
2019-07-29,134.52999877929688,143.48770141601562,186.776611328125,272.8864440917969,108.03303527832031
2019-07-30,134.97999572753906,145.04067993164062,185.97042846679688,272.2166442871094,108.29598236083984
2019-07-31,133.2100067138672,143.8644256591797,183.39849853515625,269.23846435546875,109.16668701171875
2019-08-01,136.41000366210938,141.7785186767578,182.4867706298828,266.89398193359375,111.33479309082031
2019-08-02,135.88999938964844,140.2071990966797,179.79959106445312,264.8844299316406,112.36368560791016
2019-08-05,137.7899932861328,135.9986114501953,173.4464111328125,256.9184875488281,114.30626678466797
2019-08-06,138.91000366210938,137.24830627441406,175.8744659423828,260.52130126953125,115.21989440917969
2019-08-07,141.02000427246094,137.2115478515625,176.82449340820312,260.6752014160156,115.26104736328125
2019-08-08,141.72999572753906,140.1704559326172,180.6729278564453,265.78961181640625,115.50798797607422
2019-08-09,141.25999450683594,138.40609741210938,178.97427368164062,263.97918701171875,115.27747344970703
2019-08-12,142.6300048828125,136.6142578125,176.92051696777344,260.7657470703125,117.6810302734375
2019-08-13,141.77999877929688,138.08447265625,180.79766845703125,264.82098388671875,117.27767944335938
2019-08-14,142.75,134.22512817382812,175.3945770263672,256.9909362792969,119.919921875
2019-08-15,143.6999969482422,133.6920928955078,175.19309997558594,257.6698303222656,121.25335693359375
2019-08-16,142.77999877929688,136.5775146484375,178.0049591064453,261.4717102050781,120.2820816040039
2019-08-19,141.11000061035156,137.95587158203125,180.83604431152344,264.6219177246094,118.56175994873047
2019-08-20,142.2100067138672,137.05532836914062,179.43492126464844,262.59417724609375,119.78820037841797
2019-08-21,141.75999450683594,138.18560791015625,181.0279998779297,264.7304992675781,118.98978424072266
2019-08-22,141.39999389648438,137.86398315429688,180.44261169433594,264.6490173339844,118.1995849609375
2019-08-23,144.1699981689453,133.63699340820312,174.732421875,257.850830078125,120.14213562011719
2019-08-26,144.19000244140625,135.10726928710938,177.3715362548828,260.7022705078125,119.6565170288086
2019-08-27,145.57000732421875,133.10401916503906,176.99728393554688,259.67938232421875,121.50028991699219
2019-08-28,145.16000366210938,134.65695190429688,177.63067626953125,261.5080261230469,121.65665435791016
2019-08-29,144.1199951171875,137.0185546875,180.3466339111328,264.84820556640625,121.19575500488281
2019-08-30,143.75,136.7704620361328,179.91477966308594,264.7304992675781,121.22863006591797
2019-09-03,145.75,134.7672576904297,178.1681365966797,263.18267822265625,121.38530731201172
2019-09-04,146.66000366210938,135.85157775878906,180.74008178710938,266.1697998046875,121.56674194335938
2019-09-05,143.13999938964844,138.3785400390625,184.0511016845703,269.591552734375,119.3651123046875
2019-09-06,141.9199981689453,137.7445068359375,183.86874389648438,269.7997741699219,120.21441650390625
2019-09-09,141.38999938964844,139.5915069580078,183.48484802246094,269.935546875,118.07879638671875
2019-09-10,140.17999267578125,141.3741912841797,182.95700073242188,269.87213134765625,116.0091323852539
2019-09-11,141.02999877929688,144.26876831054688,184.67491149902344,271.79119873046875,115.80293273925781
2019-09-12,141.32000732421875,144.3054962158203,185.44264221191406,272.7325744628906,115.04439544677734
2019-09-13,140.14999389648438,144.5536346435547,184.78045654296875,272.5515441894531,112.58715057373047
2019-09-16,141.32000732421875,145.09579467773438,183.9551239013672,271.7096862792969,114.02193450927734
2019-09-17,141.60000610351562,144.7190399169922,184.8380584716797,272.397705078125,114.64033508300781
2019-09-18,140.7100067138672,143.82769775390625,184.76123046875,272.56060791015625,115.12680053710938
2019-09-19,141.27999877929688,143.1293182373047,185.06834411621094,272.54248046875,115.47312927246094
2019-09-20,142.9499969482422,142.82608032226562,183.110595703125,271.2548828125,116.99861907958984
2019-09-23,143.75,142.7157745361328,183.1913604736328,271.1911315917969,116.97390747070312
2019-09-24,144.50999450683594,140.5616912841797,180.75840759277344,269.06317138671875,118.38388061523438
2019-09-25,141.8300018310547,142.1016845703125,182.78750610351562,270.65460205078125,116.65229797363281
2019-09-26,141.7899932861328,140.5155792236328,182.1143035888672,270.0908203125,117.40263366699219
2019-09-27,141.05999755859375,139.39056396484375,179.85447692871094,268.6357727050781,117.69125366210938
2019-09-30,138.8699951171875,139.55653381347656,181.56617736816406,269.881591796875,117.97982025146484
2019-10-01,139.6300048828125,136.81781005859375,180.0852508544922,266.6714782714844,118.33502197265625
2019-10-02,141.25999450683594,135.78500366210938,176.9888153076172,261.9607849121094,118.62413787841797
2019-10-03,141.89999389648438,136.23687744140625,178.93133544921875,264.1069641113281,119.70626068115234
2019-10-04,141.89999389648438,137.52789306640625,181.56617736816406,267.6808776855469,120.59001159667969
2019-10-07,140.69000244140625,137.2881317138672,181.01808166503906,266.5259094238281,119.59059143066406
2019-10-08,141.9199981689453,135.05654907226562,178.3062286376953,262.38824462890625,119.91268157958984
2019-10-09,142.0500030517578,135.6743927001953,180.04678344726562,264.87994384765625,119.2353744506836
2019-10-10,140.80999755859375,136.21844482421875,181.44117736816406,266.6714782714844,117.45945739746094
2019-10-11,140.02999877929688,138.52378845214844,183.77793884277344,269.4360656738281,116.00569152832031
2019-10-14,140.58999633789062,138.01663208007812,183.75877380371094,269.1359558105469,116.84820556640625
2019-10-15,139.61000061035156,139.60267639160156,186.09548950195312,271.8004150390625,115.43572998046875
2019-10-16,140.41000366210938,139.75022888183594,185.63388061523438,271.3638916015625,115.57618713378906
2019-10-17,140.61000061035156,141.4008331298828,186.12432861328125,272.16412353515625,115.2952880859375
2019-10-18,140.4600067138672,140.72764587402344,184.33567810058594,270.97283935546875,115.2952880859375
2019-10-21,139.7899932861328,142.04637145996094,185.9703826904297,272.80987548828125,114.42798614501953
2019-10-22,140.1999969482422,142.203125,184.4895782470703,271.9186096191406,115.09701538085938
2019-10-23,140.52999877929688,142.3782958984375,184.8453826904297,272.7098693847656,115.21267700195312
2019-10-24,141.52999877929688,142.1754150390625,186.64358520507812,273.1554870605469,114.98143005371094
2019-10-25,141.86000061035156,142.9315948486328,188.13412475585938,274.2740478515625,114.41973114013672
2019-10-28,140.63999938964844,144.167236328125,189.99009704589844,275.8199462890625,113.37895202636719
2019-10-29,140.25,144.6375732421875,188.51876831054688,275.7381286621094,113.45326232910156
2019-10-30,141.02000427246094,144.15806579589844,189.43234252929688,276.58392333984375,115.11358642578125
2019-10-31,142.42999267578125,143.34654235839844,189.51890563964844,275.8472595214844,116.6664810180664
2019-11-01,142.55999755859375,145.79019165039062,191.2401885986328,278.40264892578125,116.30738067626953
2019-11-04,142.14999389648438,146.57403564453125,192.4230499267578,279.52117919921875,114.77655792236328
2019-11-05,139.85000610351562,146.75848388671875,192.52883911132812,279.2120361328125,113.4857406616211
2019-11-06,140.4499969482422,145.91014099121094,192.09605407714844,279.2757263183594,114.17251586914062
2019-11-07,138.27000427246094,146.29745483398438,192.74038696289062,280.2577819824219,112.1038818359375
2019-11-08,137.38999938964844,146.69390869140625,193.50965881347656,280.94891357421875,111.63224029541016
2019-11-11,137.05999755859375,146.41729736328125,193.25001525878906,280.4124450683594,111.70674133300781
2019-11-12,137.42999267578125,146.46336364746094,193.8078155517578,281.0035400390625,112.21968078613281
2019-11-13,137.97999572753906,145.83633422851562,193.85586547851562,281.09442138671875,112.9478759765625
2019-11-14,138.55999755859375,145.79019165039062,193.70196533203125,281.5037536621094,114.11460876464844
2019-11-15,138.2100067138672,146.54637145996094,195.12521362304688,283.540771484375,113.99044799804688
2019-11-18,138.6199951171875,146.17755126953125,195.2790985107422,283.7498779296875,114.19733428955078
2019-11-19,138.69000244140625,146.72157287597656,195.56759643554688,283.6680603027344,115.14888763427734
2019-11-20,138.75999450683594,146.16830444335938,194.39439392089844,282.61322021484375,116.3404312133789
2019-11-21,138.0,145.44900512695312,193.96168518066406,282.1584167480469,115.61231231689453
2019-11-22,137.74000549316406,145.90086364746094,194.08663940429688,282.78594970703125,115.76124572753906
2019-11-25,137.0800018310547,148.99925231933594,196.38499450683594,284.97760009765625,116.10047149658203
2019-11-26,137.74000549316406,149.10073852539062,196.760009765625,285.623291015625,116.77904510498047
2019-11-27,137.00999450683594,150.15194702148438,198.13514709472656,286.8963623046875,116.43974304199219
2019-11-29,137.86000061035156,149.1744842529297,197.231201171875,285.8324890136719,116.1915512084961
2019-12-02,137.7899932861328,147.71749877929688,195.21177673339844,283.4043884277344,114.64230346679688
2019-12-03,139.11000061035156,147.2471923828125,193.68280029296875,281.5037536621094,117.04608917236328
2019-12-04,138.9199981689453,148.2615509033203,194.66355895996094,283.2406921386719,115.87738037109375
2019-12-05,139.0,148.40908813476562,195.0482635498047,283.7498779296875,115.31370544433594
2019-12-06,137.6199951171875,150.1427459716797,197.1350555419922,286.3417053222656,114.67548370361328
2019-12-09,137.5800018310547,149.85682678222656,196.24073791503906,285.4414367675781,114.92415618896484
2019-12-10,137.97000122070312,149.94906616210938,196.0771942138672,285.1231384277344,114.93248748779297
2019-12-11,138.9199981689453,149.90298461914062,197.11581420898438,285.9324951171875,115.83594512939453
2019-12-12,138.42999267578125,151.19395446777344,198.5871124267578,288.39697265625,113.92952728271484
2019-12-13,139.0500030517578,150.61306762695312,199.2410430908203,288.5697021484375,115.2474136352539
2019-12-16,139.0399932861328,151.67459106445312,201.2412567138672,290.55224609375,114.21131896972656
2019-12-17,139.00999450683594,152.4335479736328,201.3566131591797,290.6158752441406,114.05384063720703
2019-12-18,139.02000427246094,152.729736328125,201.510498046875,290.63409423828125,113.11717987060547
2019-12-19,139.3800048828125,153.38682556152344,202.77024841308594,291.82537841796875,113.29817199707031
2019-12-20,139.52000427246094,153.60894775390625,203.5876007080078,293.10479736328125,113.4476089477539
2019-12-23,139.9499969482422,153.91436767578125,204.12538146972656,293.5525817871094,113.28153228759766
2019-12-24,141.27000427246094,154.26605224609375,204.2313995361328,293.56170654296875,113.60539245605469
2019-12-26,142.3800048828125,154.26605224609375,206.03353881835938,295.1243896484375,113.87931823730469
2019-12-27,142.3300018310547,153.5071258544922,205.86007690429688,295.0513000488281,114.00385284423828
2019-12-30,142.6300048828125,153.11837768554688,204.5108642578125,293.424560546875,113.58876037597656
2019-12-31,142.89999389648438,153.33126831054688,204.89633178710938,294.137451171875,112.47625732421875
2020-01-02,143.9499969482422,153.43307495117188,208.3175506591797,296.88818359375,113.74646759033203
2020-01-03,145.86000061035156,152.83148193359375,206.40939331054688,294.6400146484375,115.49820709228516
2020-01-06,147.38999938964844,153.0351104736328,207.7393035888672,295.7641906738281,114.84235382080078
2020-01-07,147.97000122070312,152.5260772705078,207.7103729248047,294.9325256347656,114.27781677246094
2020-01-08,146.86000061035156,152.99807739257812,209.2716522216797,296.5044250488281,113.52235412597656
2020-01-09,146.02999877929688,153.18321228027344,211.0448760986328,298.5148620605469,113.92081451416016
2020-01-10,146.91000366210938,152.60935974121094,210.50515747070312,297.6557922363281,114.93367767333984
2020-01-13,145.82000732421875,153.59970092773438,212.93377685546875,299.7029724121094,114.5849838256836
2020-01-14,145.69000244140625,154.16421508789062,212.09532165527344,299.24591064453125,115.17445373535156
2020-01-15,146.5399932861328,154.90469360351562,212.1820526123047,299.9222412109375,115.93819427490234
2020-01-16,146.30999755859375,156.90382385253906,214.21551513671875,302.4170837402344,115.57291412353516
2020-01-17,146.5800018310547,156.47804260253906,215.27560424804688,303.3583984375,114.5849838256836
2020-01-21,146.74000549316406,155.1823272705078,215.17926025390625,302.7642822265625,115.78876495361328
2020-01-22,146.7899932861328,155.0804901123047,215.7478485107422,302.8008728027344,116.19558715820312
2020-01-23,147.1199951171875,154.97869873046875,216.44168090820312,303.1482238769531,117.00921630859375
2020-01-24,147.97999572753906,153.07215881347656,214.62026977539062,300.4523010253906,117.95565032958984
2020-01-27,148.99000549316406,151.33212280273438,210.18716430664062,295.63623046875,119.79039001464844
2020-01-28,147.66000366210938,152.59085083007812,213.41563415527344,298.7342224121094,118.85231018066406
2020-01-29,148.4600067138672,151.7208709716797,213.76258850097656,298.48736572265625,120.0145492553711
2020-01-30,148.47000122070312,151.7208709716797,214.52391052246094,299.4561462402344,120.0311279296875
2020-01-31,149.3300018310547,148.57408142089844,211.12197875976562,294.0186462402344,121.12704467773438
2020-02-03,148.36000061035156,150.23080444335938,214.31192016601562,296.20281982421875,121.02889251708984
2020-02-04,146.42999267578125,152.498291015625,219.21717834472656,300.7172546386719,119.39898681640625
2020-02-05,146.61000061035156,154.84910583496094,219.94003295898438,304.1899719238281,118.09339141845703
2020-02-06,147.39999389648438,154.49742126464844,221.83856201171875,305.2135925292969,118.62566375732422
2020-02-07,147.7899932861328,152.60009765625,220.88446044921875,303.58685302734375,120.10585021972656
2020-02-10,148.1699981689453,153.4608612060547,223.55393981933594,305.85321044921875,120.43856048583984
2020-02-11,147.66000366210938,154.5252227783203,223.5924835205078,306.3833312988281,119.83142852783203
2020-02-12,147.5399932861328,155.5895233154297,225.7705078125,308.35723876953125,119.2243423461914
2020-02-13,148.3800048828125,155.99676513671875,225.48138427734375,308.0282287597656,119.68171691894531
2020-02-14,149.0,155.3951873779297,226.12704467773438,308.52178955078125,120.20561218261719
2020-02-18,150.91000366210938,155.06199645996094,226.21380615234375,307.7266540527344,121.02889251708984
2020-02-19,151.7899932861328,155.85797119140625,228.38217163085938,309.19805908203125,121.0206069946289
2020-02-20,152.41000366210938,156.23741149902344,226.26197814941406,307.92779541015625,121.96859741210938
2020-02-21,154.6999969482422,154.65476989746094,221.91563415527344,304.75665283203125,123.10784912109375
2020-02-24,156.08999633789062,149.99940490722656,213.35780334472656,294.64923095703125,124.94564056396484
2020-02-25,153.3000030517578,144.6683807373047,207.5561981201172,285.72076416015625,125.6109390258789
2020-02-26,153.97000122070312,142.99317932128906,208.62591552734375,284.6697692871094,124.94564056396484
2020-02-27,154.0,137.9583740234375,198.1792449951172,271.8847351074219,126.3011703491211
2020-02-28,148.3800048828125,135.4316864013672,198.3334197998047,270.74249267578125,129.15357971191406
2020-03-02,149.1999969482422,139.78163146972656,208.568115234375,282.4671936035156,128.20327758789062
2020-03-03,153.88999938964844,136.93101501464844,201.87991333007812,274.37957763671875,130.19375610351562
2020-03-04,154.16000366210938,140.82745361328125,210.3028106689453,285.91265869140625,128.81121826171875
2020-03-05,157.49000549316406,136.34799194335938,203.91336059570312,276.408447265625,132.01756286621094
2020-03-06,157.5500030517578,133.6454620361328,200.472900390625,271.83905029296875,138.8882293701172
2020-03-09,157.80999755859375,120.65106964111328,186.547119140625,250.60992431640625,142.65255737304688
2020-03-10,154.47999572753906,124.41796112060547,196.70477294921875,263.5776672363281,135.3404541015625
2020-03-11,153.92999267578125,116.5047378540039,188.1373291015625,250.72869873046875,130.3601837158203
2020-03-12,147.7899932861328,103.63072967529297,170.8866729736328,226.7397003173828,131.16807556152344
2020-03-13,143.27999877929688,110.5721435546875,185.3617706298828,246.12283325195312,128.20327758789062
2020-03-16,141.63999938964844,95.90261840820312,163.1576385498047,219.19119262695312,136.50636291503906
2020-03-17,143.55999755859375,100.2988510131836,175.5318145751953,231.0257568359375,127.40374755859375
2020-03-18,140.6999969482422,92.52447509765625,170.19287109375,219.32823181152344,120.21656036376953
2020-03-19,138.0399932861328,96.13397979736328,171.21437072753906,219.7943115234375,123.48957061767578
2020-03-20,140.11000061035156,93.84797668457031,164.5068817138672,210.3224334716797,132.77532958984375
2020-03-23,146.3000030517578,92.45968627929688,164.62567138671875,204.94488525390625,138.2469482421875
2020-03-24,153.39999389648438,100.91895294189453,177.37391662597656,223.5135498046875,135.6736297607422
2020-03-25,151.3000030517578,102.17322540283203,176.06040954589844,226.85958862304688,135.36544799804688
2020-03-26,153.24000549316406,108.52830505371094,185.33180236816406,240.10586547851562,136.0316619873047
2020-03-27,152.25,104.57960510253906,178.95774841308594,232.9541473388672,139.6627655029297
2020-03-30,152.9199981689453,106.88377380371094,185.46702575683594,240.51953125,138.51348876953125
2020-03-31,148.0500030517578,106.34489440917969,183.88314819335938,236.9344940185547,137.38916015625
2020-04-01,149.4499969482422,99.0979232788086,176.070068359375,226.2712860107422,139.31410217285156
2020-04-02,151.89999389648438,100.03629302978516,179.64340209960938,231.4925537109375,140.19813537597656
2020-04-03,152.64999389648438,97.2025375366211,177.0938262939453,228.14651489257812,140.5316619873047
2020-04-06,156.8800048828125,104.6446304321289,189.75503540039062,243.47024536132812,140.16477966308594
2020-04-07,156.0399932861328,104.91407012939453,189.6777801513672,243.718505859375,138.69691467285156
2020-04-08,154.64999389648438,109.6989517211914,193.70506286621094,251.8997344970703,137.68771362304688
2020-04-09,158.69000244140625,114.94837951660156,193.98516845703125,255.73294067382812,137.93795776367188
2020-04-13,161.41000366210938,111.83587646484375,196.08087158203125,253.39808654785156,136.6786346435547
2020-04-14,162.67999267578125,114.10289001464844,204.608642578125,260.87158203125,136.64524841308594
2020-04-15,161.85000610351562,109.44808959960938,202.26181030273438,255.32861328125,140.26486206054688
2020-04-16,161.7100067138672,108.62118530273438,205.95108032226562,256.56024169921875,141.8578643798828
2020-04-17,158.57000732421875,113.40603637695312,207.92124938964844,263.4914245605469,139.95626831054688
2020-04-20,159.6999969482422,112.06816101074219,205.45855712890625,258.8492126464844,141.08221435546875
2020-04-21,158.61000061035156,109.39234924316406,197.87722778320312,250.98976135253906,142.85867309570312
2020-04-22,161.72999572753906,110.7209701538086,203.74911499023438,256.56024169921875,141.3991241455078
2020-04-23,163.33999633789062,111.8080062866211,203.3145294189453,256.5419006347656,142.1497039794922
2020-04-24,162.63999938964844,113.73126220703125,206.52085876464844,260.1177978515625,142.48333740234375
2020-04-27,161.55999755859375,118.23738861083984,208.18199157714844,263.8682556152344,139.83111572265625
2020-04-28,160.83999633789062,119.95620727539062,204.26100158691406,262.6548156738281,141.4407958984375
2020-04-29,161.72999572753906,125.85603332519531,211.50428771972656,269.5307922363281,140.7068634033203
2020-04-30,158.8000030517578,121.0711669921875,211.41737365722656,267.0213317871094,139.06385803222656
2020-05-01,159.77999877929688,116.26770782470703,205.45855712890625,259.9522705078125,140.25474548339844
2020-05-04,160.33999633789062,116.7694091796875,207.85365295410156,260.6693115234375,139.5950469970703
2020-05-05,161.02000427246094,117.67063903808594,210.2101593017578,263.07769775390625,138.70144653320312
2020-05-06,158.9499969482422,116.80657958984375,211.50428771972656,261.2943420410156,136.46336364746094
2020-05-07,161.38999938964844,118.40464782714844,214.22775268554688,264.4474182128906,138.74325561523438
2020-05-08,160.4199981689453,122.9758071899414,217.16371154785156,268.8229675292969,136.93942260742188
2020-05-11,159.4199981689453,122.36257934570312,219.10491943359375,268.87811279296875,135.87046813964844
2020-05-12,160.0399932861328,117.96797180175781,214.51744079589844,263.51898193359375,137.26510620117188
2020-05-13,161.5800018310547,114.019287109375,211.8326416015625,258.8584289550781,138.22549438476562
2020-05-14,163.00999450683594,114.3908920288086,214.2374267578125,261.95623779296875,139.5783233642578
2020-05-15,163.92999267578125,116.21195220947266,215.6281280517578,263.160400390625,139.21926879882812
2020-05-18,162.69000244140625,123.27313232421875,219.64573669433594,271.17620849609375,136.1627655029297
2020-05-19,164.25999450683594,120.83887481689453,219.0952911376953,268.3908996582031,136.67218017578125
2020-05-20,164.64999389648438,124.49954223632812,223.47023010253906,272.9503479003906,137.08131408691406
2020-05-21,162.25,124.72254943847656,221.0364532470703,271.06591796875,137.4237518310547
2020-05-22,163.2100067138672,125.32642364501953,221.79940795898438,271.5806884765625,138.2505340576172
2020-05-26,160.88999938964844,128.94064331054688,221.2006378173828,274.9267578125,136.39657592773438
2020-05-27,161.17999267578125,132.94505310058594,222.40785217285156,279.0173034667969,136.1460723876953
2020-05-28,161.72000122070312,129.79541015625,222.11814880371094,278.5025939941406,135.6449737548828
2020-05-29,162.91000366210938,129.0520782470703,225.37277221679688,279.7435302734375,136.6137237548828
2020-06-01,163.66000366210938,130.28781127929688,226.04879760742188,280.87432861328125,135.69384765625
2020-06-02,162.60000610351562,131.36561584472656,227.56507873535156,283.1998291015625,135.20059204101562
2020-06-03,159.60000610351562,134.53382873535156,228.5888214111328,286.96875,133.40281677246094
2020-06-04,161.27999877929688,134.33872985839844,226.98562622070312,286.2149963378906,131.47125244140625
2020-06-05,158.00999450683594,139.53240966796875,231.48614501953125,293.5505676269531,130.53469848632812
2020-06-08,159.72000122070312,142.236083984375,233.28248596191406,297.0988464355469,131.0364227294922
2020-06-09,161.25999450683594,139.606689453125,234.97256469726562,294.88348388671875,132.52484130859375
2020-06-10,163.57000732421875,135.8159942626953,237.7926025390625,293.23797607421875,134.4898681640625
2020-06-11,162.38999938964844,125.45650482177734,226.01019287109375,276.33319091796875,137.0317840576172
2020-06-12,162.6199951171875,128.46682739257812,227.8065185546875,279.64239501953125,135.7106475830078
2020-06-15,162.3300018310547,131.43690490722656,230.5783233642578,282.25299072265625,135.7859344482422
2020-06-16,162.25,134.5972137451172,234.5379180908203,287.6857604980469,133.70387268066406
2020-06-17,162.55999755859375,132.16407775878906,235.28160095214844,286.49072265625,134.2556915283203
2020-06-18,162.24000549316406,132.1174774169922,235.91900634765625,286.60107421875,135.6772003173828
2020-06-19,164.02999877929688,131.43690490722656,235.88040161132812,284.9632873535156,135.7859344482422
2020-06-22,165.08999633789062,132.7513427734375,238.70919799804688,286.791259765625,135.8026580810547
2020-06-23,166.47999572753906,133.31069946289062,240.7408447265625,288.1115417480469,134.87445068359375
2020-06-24,165.89999389648438,128.98509216308594,235.77783203125,280.7622985839844,136.3210906982422
2020-06-25,165.8000030517578,130.9334716796875,238.02230834960938,283.77215576171875,136.71395874023438
2020-06-26,166.5399932861328,127.40962982177734,232.40145874023438,277.0321350097656,138.17733764648438
2020-06-29,166.6300048828125,131.5767364501953,234.93617248535156,281.1038513183594,137.74253845214844
2020-06-30,167.3699951171875,133.47853088378906,239.54119873046875,284.70465087890625,137.07357788085938
2020-07-01,166.6199951171875,132.21067810058594,242.33717346191406,286.698974609375,136.80735778808594
2020-07-02,166.97999572753906,132.7513427734375,243.98182678222656,288.27777099609375,136.94969177246094
2020-07-06,167.97999572753906,133.71157836914062,249.9800262451172,292.7279968261719,136.38876342773438
2020-07-07,169.0399932861328,131.34368896484375,248.25794982910156,289.7088928222656,138.30584716796875
2020-07-08,170.08999633789062,132.3225860595703,251.5279541015625,291.92474365234375,137.7533416748047
2020-07-09,169.6300048828125,129.64703369140625,253.64666748046875,290.2628479003906,139.94667053222656
2020-07-10,169.19000244140625,131.7352294921875,255.37841796875,293.22662353515625,139.24351501464844
2020-07-13,169.39999389648438,130.06655883789062,250.12518310546875,290.6875915527344,139.70387268066406
2020-07-14,170.19000244140625,132.2200164794922,251.89553833007812,294.45458984375,139.9048309326172
2020-07-15,170.33999633789062,137.0676727294922,252.40834045410156,297.1597900390625,139.2518310546875
2020-07-16,168.72999572753906,136.25662231445312,250.68630981445312,296.18115234375,139.91323852539062
2020-07-17,170.1199951171875,136.65748596191406,250.9765625,297.0397644042969,139.6201934814453
2020-07-20,170.94000244140625,136.07015991210938,258.096923828125,299.4403381347656,139.9634552001953
2020-07-21,173.0,137.99993896484375,255.40736389160156,300.077392578125,140.04714965820312
2020-07-22,175.6300048828125,138.074462890625,256.30718994140625,301.7854309082031,140.4657745361328
2020-07-23,177.17999267578125,138.21434020996094,249.61244201660156,298.1846008300781,142.1065673828125
2020-07-24,178.6999969482422,136.18206787109375,247.2421417236328,296.2641906738281,142.09815979003906
2020-07-27,182.22999572753906,137.59902954101562,251.6537322998047,298.42474365234375,141.5707550048828
2020-07-28,183.75,136.22865295410156,248.45144653320312,296.53204345703125,142.55023193359375
2020-07-29,185.1300048828125,139.23046875,251.3151092529297,300.17889404296875,142.3074188232422
2020-07-30,183.75999450683594,138.68043518066406,252.63087463378906,299.1079406738281,143.24505615234375
2020-07-31,185.42999267578125,137.3752899169922,257.1391906738281,301.4715576171875,143.1530303955078
2020-08-03,185.63999938964844,139.6126708984375,260.6123352050781,303.5675048828125,142.43231201171875
2020-08-04,189.58999633789062,140.57290649414062,261.57977294921875,304.74005126953125,143.7899932861328
2020-08-05,191.35000610351562,143.36961364746094,262.2279968261719,306.6327209472656,142.53280639648438
2020-08-06,193.88999938964844,143.313720703125,265.701171875,308.6824035644531,143.32894897460938
2020-08-07,190.80999755859375,145.58836364746094,262.63427734375,308.904052734375,142.3736114501953
2020-08-10,190.14999389648438,147.09860229492188,261.5120849609375,309.8272399902344,141.73658752441406
2020-08-11,179.94000244140625,146.25025939941406,256.5586853027344,307.2698669433594,140.05210876464844
2020-08-12,179.10000610351562,146.8468780517578,263.01165771484375,311.55389404296875,138.77813720703125
2020-08-13,183.3300018310547,146.53929138183594,263.6114196777344,310.9905090332031,137.29481506347656
2020-08-14,182.5399932861328,146.446044921875,263.3019104003906,310.9998779296875,136.75845336914062
2020-08-17,186.5,147.2010955810547,266.3590393066406,311.98773193359375,137.10203552246094
2020-08-18,188.17999267578125,145.79345703125,268.9226989746094,312.661865234375,138.0825958251953
2020-08-19,182.24000549316406,145.80276489257812,267.1135559082031,311.3599548339844,137.21932983398438
2020-08-20,183.5,145.20611572265625,270.8189697265625,312.3294372558594,138.45968627929688
2020-08-21,182.02999877929688,144.13404846191406,272.69580078125,313.4373474121094,139.28941345214844
2020-08-24,181.0,145.64430236816406,274.3985595703125,316.6134948730469,139.0631103515625
2020-08-25,181.22000122070312,145.80276489257812,276.5559997558594,317.7214660644531,137.99879455566406
2020-08-26,183.36000061035156,144.88914489746094,282.4573974609375,320.90667724609375,137.47076416015625
2020-08-27,181.24000549316406,145.24346923828125,281.5770568847656,321.6083679199219,135.13253784179688
2020-08-28,184.38999938964844,146.47396850585938,283.00897216796875,323.6857604980469,135.03196716308594
2020-08-31,184.8300018310547,144.8985137939453,285.2823486328125,322.5132751464844,135.92872619628906
2020-09-01,185.0500030517578,146.55792236328125,290.1583557128906,325.5508117675781,137.48350524902344
2020-09-02,182.6199951171875,147.7231903076172,292.9060363769531,330.25970458984375,138.79232788085938
2020-09-03,181.13999938964844,143.36029052734375,278.0555114746094,318.8939514160156,139.18663024902344
2020-09-04,181.63999938964844,142.4467315673828,274.35009765625,316.2903137207031,136.54371643066406
2020-09-08,181.2899932861328,139.7058868408203,261.1637878417969,307.6484069824219,137.3827362060547
2020-09-09,183.0500030517578,141.8220977783203,268.835693359375,313.72357177734375,137.0135498046875
2020-09-10,182.4600067138672,139.97630310058594,263.4759826660156,308.2761535644531,137.7099609375
2020-09-11,182.4499969482422,139.04400634765625,261.64752197265625,308.4331359863281,138.0035858154297
2020-09-14,183.88999938964844,142.70770263671875,266.20428466796875,312.4955749511719,137.99526977539062
2020-09-15,183.4499969482422,142.97808837890625,269.97735595703125,314.074462890625,137.6595916748047
2020-09-16,183.97000122070312,144.32984924316406,265.672119140625,312.827880859375,137.24855041503906
2020-09-17,182.9600067138672,143.27639770507812,261.52178955078125,310.0766296386719,137.66796875
2020-09-18,183.1999969482422,142.90347290039062,258.1840515136719,306.50677490234375,137.2401580810547
2020-09-21,179.52000427246094,137.8973388671875,258.80316162109375,303.095458984375,137.93655395507812
2020-09-22,178.64999389648438,138.96009826660156,263.6114196777344,306.1822814941406,137.82742309570312
2020-09-23,174.7899932861328,134.82015991210938,255.5623016357422,299.08172607421875,138.01194763183594
2020-09-24,175.44000244140625,134.82015991210938,256.75213623046875,299.8788146972656,138.54058837890625
2020-09-25,174.94000244140625,137.00991821289062,262.7213439941406,304.7269287109375,138.54058837890625
2020-09-28,176.6999969482422,140.38815307617188,268.1778564453125,309.7882995605469,138.14627075195312
2020-09-29,178.19000244140625,139.75180053710938,266.9685974121094,308.1011962890625,138.3057098388672
2020-09-30,177.1199951171875,140.17291259765625,268.7969970703125,310.4371643066406,136.98001098632812
2020-10-01,178.6999969482422,142.40943908691406,273.0635070800781,312.4301452636719,137.2058868408203
2020-10-02,178.5399932861328,143.0364532470703,265.3818664550781,309.4638366699219,136.69361877441406
2020-10-05,179.41000366210938,146.98548889160156,271.0414733886719,314.95159912109375,134.02272033691406
2020-10-06,177.3000030517578,146.5644073486328,266.20428466796875,310.4742431640625,134.74501037597656
2020-10-07,177.22000122070312,149.76483154296875,270.8092956542969,315.8785705566406,133.7623748779297
2020-10-08,177.85000610351562,151.4679718017578,272.2507629394531,318.6780700683594,134.4846954345703
2020-10-09,181.0800018310547,152.2540283203125,276.41082763671875,321.5238952636719,134.4595184326172
2020-10-12,180.55999755859375,153.27407836914062,284.9437255859375,326.6965026855469,134.8878631591797
2020-10-13,177.72000122070312,152.2540283203125,284.9341735839844,324.5643615722656,135.85362243652344
2020-10-14,178.27000427246094,150.74742126464844,282.5541687011719,322.5250244140625,136.16452026367188
2020-10-15,178.9199981689453,152.30081176757812,280.65789794921875,322.1263732910156,135.92926025390625
2020-10-16,178.3000030517578,151.92652893066406,279.1197204589844,321.9316711425781,135.5513916015625
2020-10-19,178.38999938964844,150.11105346679688,274.56304931640625,317.0372619628906,135.03900146484375
2020-10-20,179.25,150.4385528564453,275.1531677246094,318.3072814941406,133.75393676757812
2020-10-21,180.60000610351562,149.14720153808594,274.9402770996094,317.70477294921875,133.29200744628906
2020-10-22,178.8300018310547,151.72061157226562,274.9306640625,319.4473571777344,131.9061279296875
2020-10-23,178.63999938964844,152.60028076171875,275.47235107421875,320.531982421875,132.71240234375
2020-10-26,178.5500030517578,149.30625915527344,271.3414306640625,314.60858154296875,133.94711303710938
2020-10-27,179.02000427246094,148.0242462158203,273.4601135253906,313.52398681640625,134.8458251953125
2020-10-28,176.1300048828125,143.4669189453125,262.79876708984375,302.80816650390625,134.9718475341797
2020-10-29,175.39999389648438,145.17941284179688,267.3941650390625,305.88568115234375,133.6615447998047
2020-10-30,176.1999969482422,143.26101684570312,260.6123352050781,302.6968994140625,132.3429412841797
2020-11-02,177.91000366210938,145.8157958984375,261.1928405761719,306.0896301269531,133.33425903320312
2020-11-03,178.9199981689453,149.9519500732422,265.71075439453125,311.49395751953125,132.56068420410156
2020-11-04,178.82000732421875,150.12039184570312,277.57177734375,318.4555969238281,135.436279296875
2020-11-05,182.92999267578125,154.32212829589844,284.80828857421875,324.6663513183594,135.67169189453125
2020-11-06,183.19000244140625,153.11492919921875,285.0211181640625,324.5921936035156,134.0320587158203
2020-11-09,175.0800018310547,158.6642608642578,279.1971740722656,328.6708984375,131.21542358398438
2020-11-10,175.66000366210938,161.6119842529297,274.1954040527344,328.1889343261719,130.4586639404297
2020-11-11,174.89999389648438,161.54649353027344,280.32904052734375,330.6268615722656,130.92955017089844
2020-11-12,175.9600067138672,159.06663513183594,279.01318359375,327.4195556640625,133.15765380859375
2020-11-13,177.16000366210938,162.36062622070312,281.46087646484375,331.9524230957031,132.98109436035156
2020-11-16,177.14999389648438,166.22544860839844,283.6570739746094,336.095947265625,132.66162109375
2020-11-17,176.5,167.00221252441406,282.75726318359375,334.2884216308594,133.52764892578125
2020-11-18,175.49000549316406,164.6626739501953,280.6676025390625,330.2652893066406,133.9143829345703
2020-11-19,175.16000366210938,165.92601013183594,282.86370849609375,331.6558532714844,134.60391235351562
2020-11-20,175.69000244140625,166.1038055419922,280.9288635253906,329.3846130371094,135.7977752685547
2020-11-23,172.22999572753906,169.2106475830078,280.93853759765625,331.359130859375,135.17556762695312
2020-11-24,169.58999633789062,172.3923797607422,284.8856506347656,336.6985778808594,133.83035278320312
2020-11-25,169.50999450683594,171.8028106689453,286.6368713378906,336.1794738769531,133.4182586669922
2020-11-27,167.7899932861328,172.53277587890625,289.2779541015625,337.11578369140625,134.71316528320312
2020-11-30,166.6699981689453,169.39784240722656,289.8680419921875,335.623291015625,134.54501342773438
2020-12-01,170.17999267578125,170.96994018554688,293.5830993652344,339.29412841796875,132.56118774414062
2020-12-02,171.4600067138672,171.1477508544922,293.9604187011719,340.0079650878906,131.5090789794922
2020-12-03,172.80999755859375,172.1116485595703,294.3763427734375,339.9152526855469,132.56961059570312
2020-12-04,172.32000732421875,176.1168212890625,295.5760498046875,342.844482421875,130.6253662109375
2020-12-07,174.88999938964844,176.28526306152344,297.24981689453125,342.1399841308594,131.80372619628906
2020-12-08,175.5,178.54991149902344,298.25592041015625,343.14111328125,132.42652893066406
2020-12-09,172.5,177.24913024902344,291.5030822753906,340.06353759765625,131.98887634277344
2020-12-10,172.1699981689453,178.96165466308594,292.6737060546875,339.9523010253906,133.15878295898438
2020-12-11,172.49000549316406,178.08201599121094,292.0255126953125,339.5536804199219,133.630126953125
2020-12-14,171.5399932861328,178.2904052734375,294.14422607421875,338.0334777832031,133.25982666015625
2020-12-15,173.94000244140625,182.74929809570312,297.2884826660156,342.6034851074219,132.81365966796875
2020-12-16,174.89999389648438,182.09222412109375,298.92352294921875,343.14111328125,132.4601287841797
2020-12-17,176.74000549316406,184.2606201171875,300.877685546875,345.05999755859375,132.10977172851562
2020-12-18,176.44000244140625,183.36883544921875,299.96832275390625,343.68212890625,131.71368408203125
2020-12-21,175.8800048828125,183.2750244140625,299.40716552734375,342.453369140625,132.23611450195312
2020-12-22,174.49000549316406,185.3589324951172,300.2213134765625,341.8761901855469,132.9185791015625
2020-12-23,175.64999389648438,186.93601989746094,298.7092590332031,342.183349609375,132.0001983642578
2020-12-24,176.35000610351562,186.81393432617188,300.02740478515625,343.51458740234375,132.52259826660156
2020-12-28,175.7100067138672,186.1193084716797,303.0513916015625,346.46563720703125,132.58155822753906
2020-12-29,176.35000610351562,182.51458740234375,303.32275390625,345.80474853515625,132.41305541992188
2020-12-30,177.6999969482422,184.37327575683594,303.3324279785156,346.29815673828125,132.69949340820312
2020-12-31,178.36000061035156,184.0447235107422,304.0787048339844,348.0575866699219,132.8932342529297
2021-01-04,182.3300018310547,181.6416015625,299.7851257324219,343.3191833496094,132.733154296875
2021-01-05,182.8699951171875,184.44837951660156,302.2565612792969,345.6837158203125,131.74746704101562
2021-01-06,179.89999389648438,191.9956512451172,298.0696105957031,347.75030517578125,129.0428466796875
2021-01-07,179.47999572753906,195.41261291503906,305.2806091308594,352.9169921875,127.90544891357422
2021-01-08,173.33999633789062,194.99021911621094,309.2057800292969,354.927978515625,127.49259185791016
2021-01-11,173.0,194.82122802734375,304.73779296875,352.5354309082031,127.281982421875
2021-01-12,174.1199951171875,198.31320190429688,304.253173828125,352.6098327636719,127.18086242675781
2021-01-13,173.3699951171875,196.89578247070312,306.3078918457031,353.5594177246094,128.61322021484375
2021-01-14,173.27999877929688,200.82899475097656,304.669921875,352.3211669921875,127.40837097167969
2021-01-15,171.1300048828125,197.83448791503906,302.2565612792969,349.75189208984375,127.91390991210938
2021-01-19,172.5800018310547,200.36904907226562,306.66650390625,352.4981384277344,128.32667541503906
2021-01-20,175.38999938964844,201.2514190673828,313.79986572265625,357.37615966796875,128.45314025878906
2021-01-21,175.27999877929688,199.50537109375,316.3100280761719,357.70208740234375,127.55164337158203
2021-01-22,173.89999389648438,201.8240203857422,315.3990173339844,356.4359436035156,127.96440887451172
2021-01-25,174.0500030517578,201.6268768310547,318.0061950683594,357.84173583984375,129.4726104736328
2021-01-26,173.6199951171875,200.2281951904297,318.4714050292969,357.2831115722656,129.22824096679688
2021-01-27,172.52000427246094,196.557861328125,309.5934753417969,348.55096435546875,129.556884765625
2021-01-28,172.67999267578125,195.9288787841797,311.42523193359375,351.548583984375,128.84068298339844
2021-01-29,172.61000061035156,192.9625701904297,304.8734436035156,344.51068115234375,128.06556701660156
2021-02-01,174.22999572753906,197.70306396484375,312.49139404296875,350.24530029296875,128.2139892578125
2021-02-02,172.11000061035156,200.5192108154297,317.5894470214844,355.19781494140625,127.38735961914062
2021-02-03,171.85000610351562,201.11997985839844,316.32952880859375,355.4771423339844,126.25702667236328
2021-02-04,168.14999389648438,205.22218322753906,320.0706481933594,359.5173645019531,125.91963195800781
2021-02-05,169.80999755859375,208.06646728515625,321.156005859375,360.93243408203125,124.8652114868164
2021-02-08,171.52000427246094,213.37960815429688,323.30767822265625,363.5390625,125.4135513305664
2021-02-09,172.0800018310547,214.38404846191406,323.2398681640625,363.29693603515625,125.50629425048828
2021-02-10,172.7100067138672,212.9759521484375,322.5033264160156,363.1387634277344,126.34138488769531
2021-02-11,171.2100067138672,212.73190307617188,324.2769775390625,363.7251892089844,125.64969635009766
2021-02-12,170.69000244140625,213.3326873779297,326.08941650390625,365.5219421386719,124.0892333984375
2021-02-16,168.24000549316406,211.99032592773438,325.2073974609375,365.2053527832031,122.19975280761719
2021-02-17,166.3300018310547,210.32879638671875,323.6470031738281,365.2891845703125,122.97576904296875
2021-02-18,166.32000732421875,207.0714111328125,322.23193359375,363.7344970703125,122.47811889648438
2021-02-19,167.00999450683594,211.3895263671875,320.8265686035156,363.0921325683594,120.8501205444336
2021-02-22,169.50999450683594,210.01901245117188,312.5107116699219,360.29937744140625,119.93071746826172
2021-02-23,169.1199951171875,208.16976928710938,311.58038330078125,360.7369384765625,119.58492279052734
2021-02-24,169.0,213.08863830566406,314.14874267578125,364.7120056152344,118.80034637451172
2021-02-25,165.82000732421875,205.2128143310547,303.19677734375,355.9239807128906,116.86028289794922
2021-02-26,161.80999755859375,204.93118286132812,304.4663391113281,354.09002685546875,120.72359466552734
2021-03-01,161.52999877929688,212.21559143066406,313.62530517578125,362.6732482910156,119.12910461425781
2021-03-02,162.41000366210938,208.13218688964844,308.59515380859375,359.84326171875,119.13758850097656
2021-03-03,160.6199951171875,205.87928771972656,299.6397705078125,355.076904296875,117.8454818725586
2021-03-04,159.0399932861328,200.12496948242188,294.7355651855469,350.6828308105469,117.08536529541016
2021-03-05,159.13999938964844,204.36795043945312,299.17449951171875,357.13421630859375,117.31340026855469
2021-03-08,157.49000549316406,205.33482360839844,290.7036437988281,355.3560791015625,116.40131378173828
2021-03-09,160.83999633789062,209.65289306640625,302.16943359375,360.4297180175781,118.01433563232422
2021-03-10,161.66000366210938,213.29515075683594,301.3067932128906,362.6732482910156,118.25086212158203
2021-03-11,161.52000427246094,217.98870849609375,308.246337890625,366.3504333496094,117.39785766601562
2021-03-12,161.49000549316406,219.2747802734375,305.7457580566406,366.84381103515625,114.90648651123047
2021-03-15,162.1999969482422,220.0539093017578,309.0119323730469,369.0314636230469,115.58209991455078
2021-03-16,162.35000610351562,216.3741455078125,310.7081298828125,368.5660400390625,115.11762237548828
2021-03-17,163.50999450683594,218.07321166992188,311.9874572753906,369.8228454589844,114.25618743896484
2021-03-18,162.55999755859375,211.4365234375,302.4310302734375,364.4420471191406,113.09921264648438
2021-03-19,163.24000549316406,213.03228759765625,303.4972839355469,363.76763916015625,113.80012512207031
2021-03-22,163.0,211.42709350585938,309.188720703125,366.6723937988281,115.07540130615234
2021-03-23,161.80999755859375,203.75775146484375,307.83984375,363.7862854003906,116.1141586303711
2021-03-24,162.3699951171875,199.04542541503906,302.64801025390625,361.93701171875,116.73912048339844
2021-03-25,161.77999877929688,203.76475524902344,302.12396240234375,363.97314453125,115.81858825683594
2021-03-26,162.24000549316406,207.47967529296875,306.6559753417969,369.8385925292969,115.41325378417969
2021-03-29,160.30999755859375,201.63926696777344,306.568603515625,369.65179443359375,114.4335708618164
2021-03-30,157.57000732421875,205.034423828125,305.025634765625,368.6711120605469,115.03316497802734
2021-03-31,159.9600067138672,207.79002380371094,309.69329833984375,370.1655578613281,114.39130401611328
2021-04-01,161.97999572753906,210.4233856201172,314.9725646972656,374.1629333496094,116.28990173339844
2021-04-05,161.9199981689453,211.5801544189453,321.2608337402344,379.5333557128906,115.78245544433594
2021-04-06,163.22000122070312,210.95944213867188,321.0377197265625,379.30926513671875,116.56897735595703
2021-04-07,162.75999450683594,207.5548858642578,321.81402587890625,379.7481384277344,115.75713348388672
2021-04-08,164.50999450683594,209.31361389160156,325.1717529296875,381.5506896972656,116.71271514892578
2021-04-09,163.27000427246094,209.34178161621094,327.1416931152344,384.3246765136719,116.28990173339844
2021-04-12,162.27999877929688,208.52359008789062,326.71478271484375,384.46478271484375,116.2391586303711
2021-04-13,163.42999267578125,207.97811889648438,330.5285339355469,385.6040954589844,117.11019134521484
2021-04-14,162.72000122070312,210.02838134765625,326.5594482421875,384.2873229980469,116.73810577392578
2021-04-15,165.35000610351562,210.94065856933594,331.50860595703125,388.4154968261719,118.69164276123047
2021-04-16,166.35000610351562,211.2792510986328,331.89678955078125,389.7137451171875,117.7697982788086
2021-04-19,165.88999938964844,208.53297424316406,328.8593444824219,387.7990417480469,117.43156433105469
2021-04-20,166.47999572753906,204.26321411132812,326.4624328613281,384.95977783203125,117.97279357910156
2021-04-21,168.1300048828125,209.25717163085938,329.2572021484375,388.602294921875,118.20960998535156
2021-04-22,167.0399932861328,208.39190673828125,325.2881774902344,385.05316162109375,118.72544860839844
2021-04-23,166.39999389648438,212.32315063476562,329.3834228515625,389.22796630859375,118.44640350341797
2021-04-26,166.83999633789062,214.53329467773438,331.528076171875,390.0406494140625,118.27725219726562
2021-04-27,166.4199981689453,214.85301208496094,330.0918273925781,389.9565124511719,117.2455062866211
2021-04-28,166.91000366210938,215.21983337402344,328.9757995605469,389.8445129394531,117.32160949707031
2021-04-29,166.22000122070312,214.42042541503906,330.15972900390625,392.3288269042969,116.97488403320312
2021-04-30,165.66000366210938,211.50491333007812,327.99560546875,389.7510681152344,117.2455062866211
2021-05-03,167.80999755859375,212.53945922851562,326.2489318847656,390.59173583984375,117.31582641601562
2021-05-04,166.5800018310547,210.00018310546875,320.3778381347656,388.1820373535156,118.11194610595703
2021-05-05,167.27000427246094,209.16314697265625,319.3006286621094,388.3034973144531,118.30673217773438
2021-05-06,170.05999755859375,209.34178161621094,321.70733642578125,391.4042663574219,118.50152587890625
2021-05-07,171.58999633789062,211.97520446777344,324.3178405761719,394.2529296875,117.91712188720703
2021-05-10,172.11000061035156,206.5862274169922,316.12738037109375,390.34881591796875,116.72296142578125
2021-05-11,172.13999938964844,205.92787170410156,315.69073486328125,386.8651428222656,116.0623550415039
2021-05-12,170.42999267578125,199.24107360839844,307.5196533203125,378.6459655761719,114.84284210205078
2021-05-13,171.1300048828125,202.90892028808594,309.8971862792969,383.1945495605469,115.0206298828125
2021-05-14,172.69000244140625,207.8652801513672,316.7387390136719,389.07861328125,116.09626770019531
2021-05-17,174.6999969482422,208.14744567871094,314.8172302246094,388.0885925292969,115.8506088256836
2021-05-18,175.0399932861328,206.5673828125,312.69189453125,384.7449645996094,115.5541763305664
2021-05-19,175.16000366210938,204.97799682617188,313.051025390625,383.7362060546875,115.27474212646484
2021-05-20,175.9600067138672,206.34170532226562,319.1065368652344,387.8644104003906,116.22329711914062
2021-05-21,176.0399932861328,206.8777618408203,317.34033203125,387.546875,116.59595489501953
2021-05-24,176.35000610351562,208.22264099121094,322.677734375,391.4976806640625,117.02786254882812
2021-05-25,177.9499969482422,206.21005249023438,323.1241149902344,390.6290588378906,118.11194610595703
2021-05-26,177.63999938964844,210.0565643310547,324.24981689453125,391.4042663574219,117.90865325927734
2021-05-27,177.7100067138672,212.21969604492188,323.036865234375,391.60968017578125,117.43439483642578
2021-05-28,178.3800048828125,212.07862854003906,324.0557861328125,392.31024169921875,117.24801635742188
2021-06-01,177.89999389648438,214.48623657226562,322.9785461425781,391.9646301269531,117.2217788696289
2021-06-02,178.77000427246094,214.74024963378906,323.60931396484375,392.5810546875,117.49315643310547
2021-06-03,175.27000427246094,212.9438934326172,320.24200439453125,391.12408447265625,117.0521240234375
2021-06-04,177.16000366210938,213.8655548095703,325.6764221191406,394.7011413574219,118.65513610839844
2021-06-07,177.8699951171875,216.73399353027344,326.646728515625,394.31829833984375,118.29042053222656
2021-06-08,177.32000732421875,219.02877807617188,326.8020935058594,394.40234375,119.12156677246094
2021-06-09,176.97999572753906,217.571044921875,326.87969970703125,393.8139343261719,120.17328643798828
2021-06-10,177.74000549316406,215.95758056640625,330.285888671875,395.64453125,120.89418029785156
2021-06-11,175.74000549316406,218.23695373535156,331.1495666503906,396.2983093261719,120.69915771484375
2021-06-14,174.7100067138672,217.59646606445312,334.3228454589844,397.1855773925781,119.77466583251953
2021-06-15,174.0500030517578,216.97483825683594,332.139404296875,396.45709228515625,119.6304931640625
2021-06-16,171.11000061035156,216.5133056640625,330.9263916015625,394.2435607910156,119.52867126464844
2021-06-17,165.85000610351562,214.08322143554688,335.1283264160156,394.1128234863281,121.3182144165039
2021-06-18,164.92999267578125,209.22303771972656,332.4985046386719,388.7960205078125,123.59980010986328
2021-06-21,166.9499969482422,213.697021484375,334.56494140625,394.362060546875,121.5303726196289
2021-06-22,166.25,214.6671600341797,337.6837463378906,396.47039794921875,121.82714080810547
2021-06-23,166.13999938964844,215.3736114501953,337.84881591796875,395.99249267578125,121.51337432861328
2021-06-24,166.0399932861328,218.41592407226562,339.9376525878906,398.33502197265625,121.7084732055664
2021-06-25,166.58999633789062,218.7832794189453,339.5198974609375,399.75,120.44471740722656
2021-06-28,166.5800018310547,217.05015563964844,343.64898681640625,400.5558776855469,121.68295288085938
2021-06-29,164.8300018310547,216.01405334472656,344.8925476074219,400.7713317871094,121.88654327392578
2021-06-30,165.6300048828125,216.0423126220703,344.34857177734375,401.1086730957031,122.42933654785156
2021-07-01,166.1999969482422,217.9449920654297,344.484619140625,403.3294982910156,122.43612670898438
2021-07-02,167.2899932861328,215.872802734375,348.4388427734375,406.412353515625,123.17499542236328
2021-07-06,168.1199951171875,212.7362823486328,349.9446716308594,405.6720886230469,124.61870574951172
2021-07-07,168.75999450683594,210.75830078125,350.6830749511719,407.10577392578125,125.72268676757812
2021-07-08,168.64999389648438,208.81802368164062,348.5650939941406,403.78863525390625,126.21530151367188
2021-07-09,169.2100067138672,213.22604370117188,350.74139404296875,408.0989990234375,124.44032287597656
2021-07-12,169.0,213.40505981445312,352.1112365722656,409.5607604980469,124.27901458740234
2021-07-13,169.22000122070312,209.38316345214844,352.1112365722656,408.1646728515625,123.3278579711914
2021-07-14,171.0399932861328,206.15245056152344,352.74273681640625,408.773681640625,124.72907257080078
2021-07-15,171.07000732421875,204.98448181152344,350.2652893066406,407.3774719238281,126.10492706298828
2021-07-16,169.41000366210938,202.46023559570312,347.4283142089844,404.1822204589844,125.86710357666016
2021-07-19,169.61000061035156,199.4273223876953,344.5816955566406,398.2132873535156,128.62716674804688
2021-07-20,169.38999938964844,205.61557006835938,348.5845031738281,403.9198303222656,127.38729858398438
2021-07-21,168.75999450683594,209.15711975097656,351.2757263183594,407.1900634765625,125.77374267578125
2021-07-22,169.08999633789062,205.8321990966797,353.5977783203125,408.04278564453125,126.96261596679688
2021-07-23,168.55999755859375,206.7929229736328,357.7268981933594,412.2408142089844,126.1134033203125
2021-07-26,168.16000366210938,207.39576721191406,358.0086364746094,413.2527770996094,125.73965454101562
2021-07-27,168.44000244140625,204.97506713867188,354.06396484375,411.3693542480469,127.08152770996094
2021-07-28,169.2899932861328,207.98916625976562,355.4242858886719,411.2005920410156,127.09000396728516
2021-07-29,171.1699981689453,209.59036254882812,356.05584716796875,412.9060363769531,126.38516998291016
2021-07-30,169.82000732421875,208.20578002929688,354.20013427734375,410.9007873535156,126.9796371459961
2021-08-02,169.61000061035156,207.1697235107422,354.2292785644531,410.03875732421875,128.11216735839844
2021-08-03,169.49000549316406,208.0268096923828,356.37640380859375,413.3746032714844,128.18020629882812
2021-08-04,169.52999877929688,205.43658447265625,356.8912658691406,411.3412170410156,128.44381713867188
2021-08-05,168.86000061035156,209.12884521484375,359.155029296875,413.9461975097656,127.78907012939453
2021-08-06,164.63999938964844,210.40982055664062,357.58111572265625,414.6301574707031,125.65487670898438
2021-08-09,161.72000122070312,209.2512664794922,358.2418212890625,414.2928466796875,125.20426177978516
2021-08-10,161.77000427246094,209.6657257080078,356.4054870605469,414.8081970214844,124.62602996826172
2021-08-11,164.0,210.6923828125,355.7934875488281,415.8390197753906,124.54950714111328
2021-08-12,164.0399932861328,210.1931915283203,357.075927734375,417.0852355957031,124.3454360961914
2021-08-13,166.38999938964844,208.28111267089844,358.3292541503906,417.84423828125,126.30966186523438
2021-08-16,167.22000122070312,206.34085083007812,358.4845886230469,418.82818603515625,126.61566162109375
2021-08-17,166.97000122070312,203.82595825195312,355.3271179199219,416.0826416015625,126.564697265625
2021-08-18,167.10000610351562,202.04580688476562,351.9072265625,411.528564453125,126.9898910522461
2021-08-19,166.61000061035156,199.62510681152344,353.6075134277344,412.1658020019531,127.9251480102539
2021-08-20,166.6999969482422,202.9971466064453,357.2702331542969,415.4454650878906,128.0102081298828
2021-08-23,168.72999572753906,206.85885620117188,362.61376953125,419.0998840332031,127.9251480102539
2021-08-24,168.64999389648438,208.89334106445312,363.72137451171875,419.7652587890625,126.93032836914062
2021-08-25,167.47999572753906,209.62802124023438,364.1391296386719,420.64599609375,125.87591552734375
2021-08-26,167.6699981689453,207.40516662597656,361.8268127441406,418.16290283203125,126.22457885742188
2021-08-27,170.19000244140625,213.2543182373047,365.3438720703125,421.9015808105469,127.08341979980469
2021-08-30,169.35000610351562,212.37840270996094,369.4438171386719,423.7569580078125,127.41497039794922
2021-08-31,169.69000244140625,212.79278564453125,369.1427307128906,423.1291809082031,126.54768371582031
2021-09-01,169.6999969482422,214.22445678710938,369.7546691894531,423.35400390625,126.75970458984375
2021-09-02,169.25,215.7127227783203,369.5798034667969,424.6565246582031,127.31302642822266
2021-09-03,171.05999755859375,214.71426391601562,370.7165222167969,424.5534362792969,126.15519714355469
2021-09-07,167.7100067138672,213.23553466796875,371.2411804199219,423.03546142578125,125.09100341796875
2021-09-08,167.2899932861328,210.90899658203125,369.9490051269531,422.52008056640625,125.94235229492188
2021-09-09,168.02999877929688,210.805419921875,368.6763610839844,420.71148681640625,127.46627807617188
2021-09-10,167.17999267578125,208.74266052246094,365.87823486328125,417.3945007324219,126.34249114990234
2021-09-13,167.74000549316406,209.92945861816406,365.6256103515625,418.4626159667969,127.10867309570312
2021-09-14,168.82000732421875,207.25442504882812,364.58612060546875,416.20440673828125,128.64967346191406
2021-09-15,167.8300018310547,209.12884521484375,367.2966613769531,419.6808166503906,128.198486328125
2021-09-16,164.02999877929688,209.279541015625,367.5493469238281,419.01556396484375,127.61106872558594
2021-09-17,163.77000427246094,209.55267333984375,363.1966552734375,414.9339294433594,126.9980239868164
2021-09-20,164.94000244140625,204.57005310058594,355.6918640136719,408.0152282714844,128.5731201171875
2021-09-21,166.0399932861328,204.88087463378906,356.1295166015625,407.6297607421875,128.46234130859375
2021-09-22,165.4199981689453,208.06448364257812,359.4559631347656,411.6061096191406,129.2286834716797
2021-09-23,163.50999450683594,211.74729919433594,362.7726745605469,416.6071472167969,126.30838775634766
2021-09-24,163.3000030517578,210.7260284423828,363.1131286621094,417.29339599609375,125.07395935058594
2021-09-27,163.63999938964844,213.92872619628906,360.2145690917969,416.0995788574219,124.61424255371094
2021-09-28,162.0500030517578,209.06326293945312,350.0213928222656,407.7143859863281,122.67306518554688
2021-09-29,161.32000732421875,208.61927795410156,349.4476013183594,408.40057373046875,122.88597106933594
2021-09-30,164.22000122070312,206.6636199951172,348.1636962890625,403.4089660644531,122.86895751953125
2021-10-01,164.58999633789062,209.99859619140625,350.3229675292969,408.2032165527344,123.90296936035156
2021-10-04,165.36000061035156,208.0901641845703,342.96990966796875,402.9389953613281,123.58757019042969
2021-10-05,164.58999633789062,208.80821228027344,347.599609375,407.13153076171875,122.39411926269531
2021-10-06,165.02999877929688,207.7217254638672,349.826904296875,408.8235778808594,123.08460235595703
2021-10-07,164.16000366210938,210.92445373535156,353.0365295410156,412.35821533203125,121.79740905761719
2021-10-08,164.22999572753906,209.3372039794922,351.276123046875,411.6061096191406,120.9449691772461
2021-10-11,163.9199981689453,208.13743591308594,348.58197021484375,408.626220703125,120.63804626464844
2021-10-12,164.66000366210938,209.2805633544922,347.3662109375,407.620361328125,122.70103454589844
2021-10-13,167.58999633789062,210.27256774902344,350.1479187011719,409.08685302734375,123.8944320678711
2021-10-14,168.0,213.39022827148438,356.5964050292969,415.9679870605469,124.35472106933594
2021-10-15,165.3300018310547,212.71949768066406,358.84320068359375,419.1358337402344,123.63019561767578
2021-10-18,164.9199981689453,212.5966339111328,362.4516296386719,420.376708984375,124.20980834960938
2021-10-19,165.4499969482422,213.39022827148438,365.1944580078125,423.6199035644531,122.49640655517578
2021-10-20,166.89999389648438,214.8073272705078,364.7178649902344,425.2837219238281,121.66954803466797
2021-10-21,166.75,215.3552703857422,366.9452819824219,426.3929443359375,121.52458953857422
2021-10-22,167.77000427246094,214.84515380859375,363.8619689941406,425.95111083984375,122.86294555664062
2021-10-25,168.92999267578125,216.88580322265625,367.5871276855469,428.23541259765625,122.67539978027344
2021-10-26,167.67999267578125,215.25137329101562,368.7446594238281,428.6208190917969,123.6898193359375
2021-10-27,168.1199951171875,211.2928924560547,369.6006164550781,426.72198486328125,125.94029998779297
2021-10-28,168.0800018310547,215.50650024414062,373.70501708984375,430.83929443359375,125.51416778564453
2021-10-29,166.64999389648438,215.44976806640625,375.543212890625,431.71368408203125,125.89764404296875
2021-11-01,167.52000427246094,221.0332489013672,376.82720947265625,432.4562683105469,124.99121856689453
2021-11-02,167.16000366210938,221.49615478515625,378.4028625488281,434.2046813964844,125.54607391357422
2021-11-03,165.77000427246094,225.45465087890625,382.4197998046875,436.8555908203125,124.24862670898438
2021-11-04,167.64999389648438,225.36962890625,387.3218994140625,438.9143371582031,125.55455017089844
2021-11-05,169.83999633789062,228.4495086669922,387.6914978027344,440.43719482421875,127.43228149414062
2021-11-08,170.4499969482422,229.15805053710938,387.1663513183594,440.8132019042969,127.19331359863281
2021-11-09,171.2899932861328,227.82595825195312,384.50128173828125,439.356201171875,128.8491668701172
2021-11-10,173.14999389648438,224.23590087890625,378.8502502441406,435.8216247558594,126.4933853149414
2021-11-11,174.1199951171875,226.04037475585938,379.9007568359375,435.96258544921875,126.3056869506836
2021-11-12,174.4499969482422,226.2671356201172,383.8982238769531,439.252685546875,125.75083923339844
2021-11-15,174.17999267578125,225.36962890625,383.8106384277344,439.4031982421875,124.17180633544922
2021-11-16,172.9199981689453,225.7853240966797,386.5437927246094,441.1422119140625,123.85599517822266
2021-11-17,174.5,222.8282928466797,386.7480773925781,440.07061767578125,124.83759307861328
2021-11-18,173.94000244140625,221.8834991455078,390.7552795410156,441.5653076171875,125.30704498291016
2021-11-19,172.61000061035156,219.86170959472656,392.9339599609375,440.775634765625,126.62997436523438
2021-11-22,168.74000549316406,218.92645263671875,388.3723449707031,439.5346984863281,125.14486694335938
2021-11-23,167.27999877929688,218.5485382080078,386.6021423339844,440.11761474609375,123.33538818359375
2021-11-24,167.1199951171875,218.7847442626953,387.84716796875,441.2926330566406,125.31555938720703
2021-11-26,166.85000610351562,210.537109375,380.49407958984375,431.450439453125,128.48219299316406
2021-11-29,166.6199951171875,210.40481567382812,388.75164794921875,436.7428283691406,127.44942474365234
2021-11-30,165.5,206.1156463623047,383.0423278808594,428.244873046875,129.3869171142578
2021-12-01,166.16000366210938,201.47695922851562,376.52569580078125,423.4882507324219,130.18507385253906
2021-12-02,165.24000549316406,207.09820556640625,379.2393493652344,429.9745178222656,130.3474578857422
2021-12-03,166.6300048828125,202.8468780517578,372.6449279785156,426.23321533203125,131.90267944335938
2021-12-06,166.22000122070312,206.91868591308594,375.6309509277344,431.2812194824219,130.091064453125
2021-12-07,166.80999755859375,211.71800231933594,386.9425964355469,440.20220947265625,129.03997802734375
2021-12-08,166.89999389648438,213.1634979248047,388.6737976074219,441.3677673339844,126.8095703125
2021-12-09,165.8800048828125,208.33580017089844,382.95477294921875,438.3879089355469,127.51876068115234
2021-12-10,166.5800018310547,207.75950622558594,387.11767578125,442.5146179199219,127.21115112304688
2021-12-13,167.0,204.72335815429688,381.5250549316406,438.5947570800781,129.09120178222656
2021-12-14,165.44000244140625,202.96080017089844,377.5761413574219,435.5771179199219,128.78358459472656
2021-12-15,166.14999389648438,206.1826934814453,386.1839294433594,442.383056640625,127.54448699951172
2021-12-16,168.16000366210938,202.01318359375,376.25335693359375,438.48199462890625,127.5940933227539
2021-12-17,167.8000030517578,203.87049865722656,374.37615966796875,433.81512451171875,129.0399169921875
2021-12-20,167.08999633789062,201.00868225097656,370.7445373535156,429.2022705078125,128.0731658935547
2021-12-21,167.02000427246094,206.7512664794922,379.0419616699219,436.824462890625,127.5855484008789
2021-12-22,168.58999633789062,208.74127197265625,383.6582336425781,441.1921691894531,128.1758575439453
2021-12-23,168.97000122070312,210.4090118408203,386.55059814453125,443.937255859375,127.06362915039062
2021-12-27,169.3699951171875,212.380126953125,392.9392395019531,450.2199401855469,127.37167358398438
2021-12-28,168.63999938964844,211.08189392089844,391.1180114746094,449.85198974609375,126.86685943603516
2021-12-29,168.58999633789062,211.3092803955078,391.0595703125,450.427490234375,125.48092651367188
2021-12-30,169.8000030517578,211.25242614746094,389.8909606933594,449.18231201171875,126.53321838378906
2021-12-31,170.9600067138672,210.79759216308594,387.45623779296875,448.0501708984375,126.78132629394531
2022-01-03,168.3300018310547,213.51724243164062,391.186279296875,450.6443786621094,123.45331573486328
2022-01-04,169.57000732421875,213.195068359375,386.1123046875,450.4934997558594,122.94003295898438
2022-01-05,169.05999755859375,205.97425842285156,374.2505187988281,441.8430480957031,122.27265930175781
2022-01-06,166.99000549316406,207.14927673339844,373.98760986328125,441.42803955078125,122.5892562866211
2022-01-07,167.75,204.75180053710938,369.9361877441406,439.6827392578125,121.70799255371094
2022-01-10,168.25999450683594,204.04110717773438,370.17962646484375,439.1357116699219,122.00750732421875
2022-01-11,170.2899932861328,206.21107482910156,375.74053955078125,443.13543701171875,122.82017517089844
2022-01-12,170.74000549316406,204.67599487304688,377.2305603027344,444.33343505859375,122.34969329833984
2022-01-13,170.16000366210938,202.79969787597656,367.7936706542969,438.211181640625,123.43620300292969
2022-01-14,169.6699981689453,203.08401489257812,370.08233642578125,438.3904113769531,121.57113647460938
2022-01-18,169.38999938964844,196.94338989257812,360.8695373535156,430.6266784667969,119.86007690429688
2022-01-19,172.0800018310547,193.74044799804688,356.9058532714844,426.1552429199219,120.68994140625
2022-01-20,171.64999389648438,190.23428344726562,352.2701110839844,421.4385681152344,121.43425750732422
2022-01-21,171.08999633789062,186.6712188720703,342.5022277832031,413.16534423828125,122.88011932373047
2022-01-24,172.02999877929688,190.9734344482422,344.07012939453125,414.9200134277344,121.87054443359375
2022-01-25,172.5800018310547,188.42434692382812,336.0941162109375,409.85430908203125,121.67381286621094
2022-01-26,169.7899932861328,185.70468139648438,335.5681457519531,408.8260498046875,120.20226287841797
2022-01-27,167.60000610351562,181.48777770996094,332.1888732910156,406.80731201171875,122.40953063964844
2022-01-28,167.10000610351562,185.0223846435547,342.6092529296875,416.9105224609375,122.45235443115234
2022-01-31,168.08999633789062,190.69863891601562,353.5653381347656,424.4194641113281,121.81929016113281
2022-02-01,168.22999572753906,192.7075653076172,355.9708251953125,427.2872619628906,121.41487884521484
2022-02-02,168.83999633789062,190.79339599609375,358.86334228515625,431.4379577636719,121.82611083984375
2022-02-03,168.60000610351562,187.18295288085938,344.3136291503906,421.29705810546875,120.87511444091797
2022-02-04,168.86000061035156,187.98841857910156,348.65716552734375,423.2780456542969,119.09310913085938
2022-02-07,170.11000061035156,188.91708374023438,345.85235595703125,421.91961669921875,119.17027282714844
2022-02-08,170.6300048828125,192.13900756835938,349.738037109375,425.3912048339844,118.37348175048828
2022-02-09,171.2100067138672,195.78732299804688,357.1492614746094,431.6172180175781,118.59623718261719
2022-02-10,170.55999755859375,192.78338623046875,349.0660705566406,423.8629150390625,116.71146392822266
2022-02-11,173.80999755859375,190.83131408691406,337.9931640625,415.5049133300781,118.44203186035156
2022-02-14,174.74000549316406,190.16795349121094,338.4118957519531,414.1465148925781,116.96846008300781
2022-02-15,173.0800018310547,195.2661590576172,346.8262023925781,420.8254089355469,115.64054107666016
2022-02-16,174.86000061035156,195.67361450195312,346.7384948730469,421.29705810546875,116.32593536376953
2022-02-17,177.25,190.66070556640625,336.4251403808594,412.2975769042969,117.19120788574219
2022-02-18,177.1199951171875,189.0213165283203,332.588134765625,409.6278991699219,118.4249267578125
2022-02-22,177.49000549316406,186.3585205078125,329.24774169921875,405.23193359375,118.73330688476562
2022-02-23,178.2899932861328,182.87127685546875,320.8140563964844,398.04364013671875,117.09699249267578
2022-02-24,177.13999938964844,187.66622924804688,331.5947570800781,404.0338439941406,117.17407989501953
2022-02-25,176.5500030517578,191.89263916015625,336.73687744140625,412.94842529296875,117.25973510742188
2022-02-28,178.3800048828125,192.669677734375,337.7399597167969,411.8918762207031,119.82994842529297
2022-03-01,181.6199951171875,189.04026794433594,332.56866455078125,405.6186828613281,121.21534729003906
2022-03-02,179.72999572753906,193.54147338867188,338.14892578125,413.08056640625,117.0718994140625
2022-03-03,180.8000030517578,191.2482147216797,333.318603515625,411.0240173339844,118.26437377929688
2022-03-04,183.67999267578125,188.25376892089844,328.48809814453125,407.68463134765625,120.30602264404297
2022-03-07,186.41000366210938,183.57252502441406,316.37310791015625,395.6664123535156,119.38812255859375
2022-03-08,191.50999450683594,184.58648681640625,314.90264892578125,392.6665954589844,118.18714904785156
2022-03-09,185.82000732421875,189.7888946533203,326.23846435546875,403.1942443847656,117.02899169921875
2022-03-10,186.39999389648438,189.44776916503906,322.6156311035156,401.3736267089844,115.34764862060547
2022-03-11,185.08999633789062,186.4248504638672,315.92510986328125,396.2701416015625,115.733642578125
2022-03-14,182.3000030517578,182.6154327392578,309.8578796386719,393.3740234375,113.0313949584961
2022-03-15,178.88999938964844,185.52464294433594,319.57708740234375,402.0245361328125,112.83409118652344
2022-03-16,180.00999450683594,191.36190795898438,331.42919921875,410.9390563964844,113.94072723388672
2022-03-17,180.88999938964844,194.3658905029297,335.44158935546875,416.08038330078125,113.09148406982422
2022-03-18,179.3000030517578,196.41278076171875,342.30743408203125,420.63763427734375,114.47259521484375
2022-03-21,180.6699981689453,194.67861938476562,341.3557434082031,420.5146789550781,111.82183837890625
2022-03-22,179.36000061035156,196.63072204589844,348.0642395019531,425.43524169921875,110.38919067382812
2022-03-23,181.80999755859375,193.21926879882812,343.0621032714844,419.9563293457031,112.80833435058594
2022-03-24,183.1300048828125,195.44105529785156,350.6872253417969,426.28680419921875,111.9247817993164
2022-03-25,182.3800048828125,195.70692443847656,350.39471435546875,428.3686828613281,110.37202453613281
2022-03-28,179.05999755859375,195.7733917236328,355.8161926269531,431.4156188964844,111.31568908691406
2022-03-29,179.13999938964844,201.01454162597656,361.9397277832031,436.75262451171875,112.15638732910156
2022-03-30,180.5800018310547,196.9792022705078,357.94183349609375,434.0557861328125,113.0313949584961
2022-03-31,180.64999389648438,194.89987182617188,353.5052185058594,427.3751525878906,113.30593872070312
2022-04-01,179.5,197.08364868164062,352.8324279785156,428.5863342285156,113.73719024658203
2022-04-04,180.3699951171875,197.40650939941406,360.0968017578125,432.2577819824219,112.94678497314453
2022-04-05,179.24000549316406,192.7350616455078,352.1011657714844,426.7978515625,110.39502716064453
2022-04-06,179.66000366210938,190.0005645751953,344.45648193359375,422.5301208496094,109.5014877319336
2022-04-07,180.33999633789062,189.38340759277344,345.2756042480469,424.65924072265625,108.67668914794922
2022-04-08,181.47000122070312,187.8737335205078,340.4488830566406,423.52374267578125,107.49964141845703
2022-04-11,182.3699951171875,186.61090087890625,332.394775390625,416.2847595214844,105.79847717285156
2022-04-12,183.77000427246094,187.19956970214844,330.99066162109375,414.7422790527344,105.65241241455078
2022-04-13,184.64999389648438,190.7601318359375,337.71868896484375,419.4925231933594,105.86720275878906
2022-04-14,184.0399932861328,188.9086151123047,329.99603271484375,414.2691955566406,103.74504089355469
2022-04-18,184.61000061035156,187.63633728027344,330.2496337890625,414.43951416015625,103.22954559326172
2022-04-19,181.82000732421875,191.37725830078125,337.6309509277344,421.1296081542969,102.456298828125
2022-04-20,182.7100067138672,192.1083984375,332.706787109375,420.8173828125,104.51830291748047
2022-04-21,182.05999755859375,187.80723571777344,325.8227844238281,414.5246887207031,103.74504089355469
2022-04-22,180.2899932861328,182.94589233398438,317.2908020019531,403.1504821777344,103.09205627441406
2022-04-25,177.0500030517578,184.0568084716797,321.36663818359375,405.4877014160156,104.12306213378906
2022-04-26,177.32000732421875,178.25547790527344,309.23663330078125,393.7445373535156,105.17127990722656
2022-04-27,175.97999572753906,177.51487731933594,308.86614990234375,394.85162353515625,103.82238006591797
2022-04-28,176.92999267578125,180.82855224609375,319.8357238769531,404.8253173828125,103.97702026367188
2022-04-29,176.91000366210938,175.60643005371094,305.443603515625,389.86474609375,102.62812805175781
2022-05-02,173.6300048828125,177.4484405517578,310.5433044433594,392.2115478515625,100.84919738769531
2022-05-03,174.08999633789062,178.96755981445312,310.8747863769531,394.00946044921875,101.52909851074219
2022-05-04,175.8000030517578,183.74346923828125,321.3861389160156,406.0081481933594,102.08850860595703
2022-05-05,175.1300048828125,176.29005432128906,305.19976806640625,391.5775146484375,99.29146575927734
2022-05-06,175.4199981689453,173.35617065429688,301.5433654785156,389.2402038574219,97.82836151123047
2022-05-09,172.8800048828125,166.0641326904297,289.744873046875,376.77783203125,98.68898010253906
2022-05-10,171.4199981689453,166.11158752441406,293.26483154296875,377.64837646484375,99.58407592773438
2022-05-11,172.82000732421875,161.98135375976562,284.5671081542969,371.6490478515625,101.50325775146484
2022-05-12,170.1699981689453,163.88038635253906,283.8943176269531,371.260986328125,101.31391906738281
2022-05-13,168.7899932861328,169.073974609375,294.4154052734375,380.1371154785156,99.81644439697266
2022-05-16,170.39999389648438,168.2669219970703,291.00262451171875,378.5946044921875,99.713134765625
2022-05-17,169.3300018310547,173.41310119628906,298.5401306152344,386.3824157714844,98.50825500488281
2022-05-18,169.4199981689453,167.33645629882812,283.88458251953125,370.8067321777344,100.60823059082031
2022-05-19,171.91000366210938,167.6117706298828,282.3634948730469,368.5357360839844,100.84919738769531
2022-05-20,172.02999877929688,167.18450927734375,281.4858703613281,368.6966857910156,101.99384307861328
2022-05-23,172.8300018310547,169.20692443847656,286.16632080078125,375.5949401855469,100.3155746459961
2022-05-24,174.1300048828125,166.70025634765625,280.08172607421875,372.7277526855469,102.29507446289062
2022-05-25,173.0800018310547,169.7006378173828,284.0015869140625,376.02081298828125,102.69956970214844
2022-05-26,172.75999450683594,173.48907470703125,291.8704528808594,383.53424072265625,102.23482513427734
2022-05-27,172.85000610351562,178.1605224609375,301.39697265625,392.94964599609375,102.48440551757812
2022-05-31,171.13999938964844,175.94822692871094,300.597412109375,390.7447814941406,100.3155746459961
2022-06-01,172.22999572753906,174.95127868652344,298.3742370605469,387.5841979980469,100.20093536376953
2022-06-02,174.35000610351562,179.2239227294922,306.54547119140625,394.9652404785156,100.25262451171875
2022-06-03,172.5800018310547,177.60980224609375,298.56927490234375,388.48321533203125,100.03713989257812
2022-06-06,171.82000732421875,178.37890625,299.5638732910156,389.6660461425781,98.19207763671875
2022-06-07,172.94000244140625,181.2558135986328,302.1478271484375,393.40374755859375,99.2525634765625
2022-06-08,172.77999877929688,178.45486450195312,299.973388671875,389.12664794921875,98.37312316894531
2022-06-09,172.22999572753906,174.75547790527344,291.938720703125,379.8720703125,98.70075225830078
2022-06-10,174.5399932861328,170.0146026611328,281.64190673828125,368.85748291015625,98.08863830566406
2022-06-13,169.92999267578125,162.02749633789062,268.5465393066406,354.85260009765625,95.01065826416016
2022-06-14,168.57000732421875,161.24684143066406,269.0340881347656,353.7833251953125,93.81227111816406
2022-06-15,170.77000427246094,163.60775756835938,275.75238037109375,358.8270568847656,95.56246948242188
2022-06-16,172.69000244140625,156.02996826171875,264.6268005371094,346.9512939453125,96.32121276855469
2022-06-17,171.27000427246094,157.2484893798828,267.84454345703125,347.69921875,96.63155364990234
2022-06-21,170.6300048828125,160.06637573242188,274.6020812988281,356.4519958496094,94.99343872070312
2022-06-22,171.30999755859375,159.76171875,274.20159912109375,355.80584716796875,97.60581970214844
2022-06-23,170.25999450683594,161.67523193359375,278.28521728515625,359.29364013671875,98.40758514404297
2022-06-24,170.08999633789062,166.6826629638672,287.82025146484375,370.7169494628906,97.0453872680664
2022-06-27,169.89999389648438,167.3014373779297,285.7100524902344,369.3008728027344,96.21769714355469
2022-06-28,169.6199951171875,164.15989685058594,277.00543212890625,361.75506591796875,96.66605377197266
2022-06-29,169.49000549316406,162.49391174316406,277.2593994140625,361.4604187011719,98.17484283447266
2022-06-30,168.4600067138672,161.227783203125,273.8205261230469,358.5238342285156,99.0369873046875
2022-07-01,168.32000732421875,163.17935180664062,275.6279602050781,362.3157958984375,100.05377197265625
2022-07-05,164.75,164.53115844726562,280.34661865234375,363.0000305175781,100.83989715576172
2022-07-06,162.13999938964844,163.3126220703125,282.1441345214844,364.2259826660156,99.14672088623047
2022-07-07,162.22999572753906,167.1776885986328,288.1817626953125,369.6810302734375,98.27418518066406
2022-07-08,162.3000030517578,167.1586456298828,288.5432434082031,369.3769836425781,97.18570709228516
2022-07-11,161.42999267578125,163.79811096191406,282.3786926269531,365.1573791503906,98.86162567138672
2022-07-12,160.8300018310547,163.23646545410156,279.64312744140625,361.92608642578125,99.44908905029297
2022-07-13,161.60000610351562,163.0936737060547,279.0667724609375,360.025390625,100.58937072753906
2022-07-14,159.3300018310547,161.4181671142578,280.0632629394531,359.1510925292969,99.7686996459961
2022-07-15,159.00999450683594,164.7786865234375,285.1434020996094,366.0126647949219,100.33023834228516
2022-07-18,159.16000366210938,164.3122100830078,282.73028564453125,362.9905090332031,99.284912109375
2022-07-19,159.5399932861328,170.10980224609375,291.42523193359375,372.7982482910156,98.74932861328125
2022-07-20,158.0399932861328,172.77536010742188,296.0462951660156,375.1741943359375,99.00850677490234
2022-07-21,160.27000427246094,173.66065979003906,300.2960205078125,378.99456787109375,100.71898651123047
2022-07-22,160.6699981689453,170.89039611816406,295.03021240234375,375.4782409667969,102.41214752197266
2022-07-25,160.22999572753906,171.7757568359375,293.34979248046875,375.93438720703125,101.41007995605469
2022-07-26,160.0399932861328,170.7190399169922,287.5858459472656,371.4867248535156,101.48780059814453
2022-07-27,161.6699981689453,174.6031494140625,299.7391662597656,381.1329040527344,100.91764831542969
2022-07-28,163.63999938964844,177.0021209716797,302.6700439453125,385.9132080078125,101.72103881835938
2022-07-29,164.10000610351562,178.2587432861328,308.18975830078125,391.5393371582031,101.44462585449219
2022-08-01,165.02999877929688,178.1920928955078,308.004150390625,390.3799133300781,103.88775634765625
2022-08-02,164.0500030517578,178.02076721191406,307.08575439453125,387.804443359375,101.68952941894531
2022-08-03,164.4499969482422,180.63873291015625,315.44854736328125,393.87725830078125,103.29061126708984
2022-08-04,167.1699981689453,180.25791931152344,316.92376708984375,393.6111755371094,103.2559814453125
2022-08-05,165.2899932861328,181.63832092285156,314.3348388671875,392.9458923339844,100.7981185913086
2022-08-08,166.69000244140625,183.5613250732422,313.31878662109375,392.4897766113281,102.42514038085938
2022-08-09,167.1999969482422,181.05758666992188,309.7724304199219,390.93115234375,102.02706146240234
2022-08-10,166.77999877929688,186.2268524169922,318.41845703125,399.14227294921875,101.36066436767578
2022-08-11,166.33999633789062,186.92181396484375,316.6111755371094,399.14227294921875,98.99799346923828
2022-08-12,167.8699951171875,190.7392578125,322.7757263183594,405.89935302734375,100.00190734863281
2022-08-15,165.7100067138672,191.4151611328125,325.3841552734375,407.5719909667969,99.91536712646484
2022-08-16,165.4199981689453,191.33901977539062,324.6221923828125,408.3702392578125,100.33079528808594
2022-08-17,164.35000610351562,188.1212921142578,320.9194641113281,405.4716491699219,99.28360748291016
2022-08-18,163.9199981689453,189.36837768554688,321.6912841796875,406.6501159667969,99.43072509765625
2022-08-19,162.72000122070312,185.3034210205078,315.4192199707031,401.18560791015625,97.82967376708984
2022-08-22,161.63999938964844,181.48597717285156,307.1151123046875,392.8318786621094,97.50080871582031
2022-08-23,162.77000427246094,181.78111267089844,306.861083984375,391.88153076171875,96.96424102783203
2022-08-24,163.25,183.17100524902344,307.7501220703125,393.1359558105469,96.25456237792969
2022-08-25,163.75,186.01742553710938,313.19171142578125,398.68609619140625,97.59599304199219
2022-08-26,161.75999450683594,179.9056854248047,300.3546142578125,385.19097900390625,98.33158111572266
2022-08-29,161.86000061035156,178.24923706054688,297.39434814453125,382.64398193359375,97.5180892944336
2022-08-30,160.50999450683594,175.7550506591797,294.0825500488281,378.4433288574219,97.76042938232422
2022-08-31,159.27000427246094,174.68882751464844,292.3728942871094,375.56378173828125,96.82573699951172
2022-09-01,157.8699951171875,172.78485107421875,292.4998779296875,376.74224853515625,95.05304718017578
2022-09-02,159.25999450683594,171.4425506591797,288.3673400878906,372.7696838378906,95.59073638916016
2022-09-06,158.3300018310547,169.74803161621094,286.2961730957031,371.3632507324219,93.22311401367188
2022-09-07,159.94000244140625,173.4417266845703,292.0797424316406,378.0347595214844,94.69747161865234
2022-09-08,158.97999572753906,174.88873291015625,293.5941162109375,380.50567626953125,93.72610473632812
2022-09-09,159.82000732421875,178.40155029296875,300.0126647949219,386.41693115234375,93.93425750732422
2022-09-12,160.6300048828125,180.5625457763672,303.5785217285156,390.5700378417969,93.16238403320312
2022-09-13,158.5399932861328,173.4988555908203,286.9313049316406,373.5870361328125,93.37919616699219
2022-09-14,157.92999267578125,174.17478942871094,289.2076110839844,375.0125732421875,93.70011138916016
2022-09-15,154.97999572753906,172.9086151123047,284.39117431640625,370.7549743652344,93.6393814086914
2022-09-16,155.83999633789062,170.39540100097656,282.6522216796875,367.9265441894531,92.85884857177734
2022-09-19,155.9600067138672,171.85191345214844,284.85333251953125,370.7797546386719,93.07565307617188
2022-09-20,155.07000732421875,169.51004028320312,282.5827331542969,366.52374267578125,92.14768981933594
2022-09-21,155.7899932861328,166.92062377929688,277.5227966308594,360.1301574707031,93.6914291381836
2022-09-22,155.6999969482422,163.16033935546875,274.1070556640625,357.1051025390625,91.2977294921875
2022-09-23,153.00999450683594,159.2761993408203,269.6442565917969,351.1219177246094,91.67068481445312
2022-09-26,151.22999572753906,157.09542846679688,268.5284423828125,347.6483154296875,89.91879272460938
2022-09-27,151.5399932861328,157.6313018798828,268.6361999511719,346.7608947753906,87.5511245727539
2022-09-28,154.69000244140625,162.61679077148438,273.9798889160156,353.5838928222656,90.4825210571289
2022-09-29,154.66000366210938,158.97097778320312,266.0816650390625,346.19793701171875,90.0141830444336
2022-09-30,154.6699981689453,157.8131103515625,261.5699157714844,340.8444519042969,88.85204315185547
2022-10-03,158.42999267578125,161.99478149414062,267.70635986328125,349.84320068359375,90.26386260986328
2022-10-04,160.6999969482422,168.41563415527344,276.123291015625,360.68365478515625,90.01171875
2022-10-05,159.80999755859375,167.17169189453125,275.97637939453125,359.8439025878906,89.15110778808594
2022-10-06,159.6300048828125,166.23387145996094,273.8036804199219,356.1318054199219,88.65557098388672
2022-10-07,157.8800048828125,161.3441162109375,263.37066650390625,346.19793701171875,87.794921875
2022-10-10,155.47999572753906,160.44461059570312,260.7379455566406,343.5545959472656,86.4300308227539
2022-10-11,155.16000366210938,160.4924774169922,257.1558532714844,341.3788146972656,86.81256866455078
2022-10-12,155.99000549316406,160.05226135253906,257.0677795410156,340.2527770996094,87.23851776123047
2022-10-13,154.91000366210938,164.01390075683594,263.0966491699219,349.2324523925781,86.40393829345703
2022-10-14,152.97999572753906,159.62167358398438,255.18861389160156,341.27386474609375,85.69110107421875
2022-10-17,153.4199981689453,164.71238708496094,263.6153259277344,350.0435791015625,85.27381134033203
2022-10-18,153.75,166.66452026367188,265.7000427246094,354.1565246582031,85.47380065917969
2022-10-19,151.69000244140625,163.83204650878906,264.73114013671875,351.64678955078125,83.91764068603516
2022-10-20,151.4499969482422,161.74598693847656,263.38037109375,348.69805908203125,82.48323059082031
2022-10-21,154.14999389648438,165.2578582763672,269.55609130859375,357.17193603515625,80.99665832519531
2022-10-24,153.64999389648438,165.96595764160156,272.5216369628906,361.54248046875,80.32727813720703
2022-10-25,154.0,170.49212646484375,278.158935546875,367.31573486328125,82.6657943725586
2022-10-26,154.97999572753906,171.33421325683594,272.0126953125,364.5483703613281,83.85680389404297
2022-10-27,154.74000549316406,171.37249755859375,267.0603942871094,362.6016845703125,84.73480987548828
2022-10-28,153.16000366210938,175.26708984375,275.2326354980469,371.2283020019531,84.15238189697266
2022-10-31,151.91000366210938,175.4297637939453,272.0322570800781,368.54681396484375,83.55255889892578
2022-11-01,153.4600067138672,175.66897583007812,269.252685546875,366.9340515136719,84.3333740234375
2022-11-02,152.38999938964844,169.8414306640625,260.02349853515625,357.7254638671875,83.96733856201172
2022-11-03,151.80999755859375,168.70272827148438,254.94395446777344,354.0419616699219,83.51420593261719
2022-11-04,156.47000122070312,170.98013305664062,259.0447692871094,359.13775634765625,82.1111068725586
2022-11-07,155.85000610351562,171.7552490234375,261.892822265625,362.57305908203125,81.29190063476562
2022-11-08,159.4499969482422,171.8222198486328,263.8013000488281,364.5293884277344,82.1807861328125
2022-11-09,158.64999389648438,167.10472106933594,257.7137145996094,357.01934814453125,82.45095825195312
2022-11-10,163.47999572753906,177.39141845703125,276.7300720214844,376.6389465332031,85.62319946289062
2022-11-11,164.55999755859375,178.84593200683594,281.8291320800781,380.28424072265625,85.30943298339844
2022-11-14,164.9199981689453,176.84597778320312,279.36279296875,377.04931640625,85.10026550292969
2022-11-15,165.5,179.4679412841797,283.2287292480469,380.26513671875,86.47724914550781
2022-11-16,165.1199951171875,176.31011962890625,279.36279296875,377.36419677734375,88.36833953857422
2022-11-17,163.9199981689453,174.673828125,278.74615478515625,376.20953369140625,87.43585968017578
2022-11-18,162.7899932861328,175.80294799804688,278.7560119628906,377.91766357421875,86.83452606201172
2022-11-21,161.8800048828125,174.88430786132812,275.8883361816406,376.5435791015625,87.20056915283203
2022-11-22,162.07000732421875,176.75033569335938,279.8619689941406,381.61065673828125,88.43803405761719
2022-11-23,163.0800018310547,177.20960998535156,282.6708068847656,384.01544189453125,89.98059844970703
2022-11-25,163.22000122070312,177.58279418945312,280.8113098144531,383.9295654296875,89.67557525634766
2022-11-28,161.92999267578125,174.0039825439453,276.69085693359375,377.8031921386719,89.92830657958984
2022-11-29,162.72999572753906,174.5111541748047,274.596435546875,377.15423583984375,88.8738021850586
2022-11-30,164.80999755859375,179.29566955566406,287.1141357421875,389.0348815917969,89.52740478515625
2022-12-01,167.83999633789062,178.90335083007812,287.4664611816406,388.74859619140625,92.3874740600586
2022-12-02,167.25999450683594,179.94635009765625,286.3214111328125,388.3000793457031,93.54927062988281
2022-12-05,164.38999938964844,174.9895782470703,281.5158996582031,381.3148498535156,92.23894500732422
2022-12-06,164.83999633789062,172.3102569580078,275.682861328125,375.81829833984375,93.42698669433594
2022-12-07,166.3300018310547,171.80307006835938,274.5573425292969,375.1788635253906,95.62836456298828
2022-12-08,166.47000122070312,173.0470733642578,277.806640625,378.1180725097656,95.36628723144531
2022-12-09,167.05999755859375,170.92274475097656,276.0351867675781,375.2934265136719,92.88534545898438
2022-12-12,165.67999267578125,172.9322509765625,279.4997863769531,380.70416259765625,93.182373046875
2022-12-13,168.50999450683594,174.36459350585938,282.5044250488281,383.5860290527344,94.08216857910156
2022-12-14,168.10000610351562,173.22064208984375,280.40997314453125,381.1335754394531,94.4839859008789
2022-12-15,165.35000610351562,168.88507080078125,270.99481201171875,371.8104248046875,94.85264587402344
2022-12-16,166.7899932861328,167.62574768066406,268.4110107421875,367.4207458496094,93.7930908203125
2022-12-19,166.32000732421875,165.35702514648438,264.6388854980469,364.3050537109375,92.21687316894531
2022-12-20,169.0800018310547,166.23182678222656,264.4328308105469,364.8036193847656,90.5793685913086
2022-12-21,168.8000030517578,169.0965576171875,268.2687683105469,370.2583312988281,90.80702209472656
2022-12-22,166.75999450683594,166.8855743408203,261.70550537109375,364.9762268066406,90.78953552246094
2022-12-23,167.25999450683594,167.6449432373047,262.2940673828125,367.0755920410156,89.45849609375
2022-12-27,168.6699981689453,166.52023315429688,258.5857849121094,365.6280822753906,87.68964385986328
2022-12-28,167.91000366210938,163.9342803955078,255.1717071533203,361.08404541015625,87.17300415039062
2022-12-29,168.85000610351562,168.08717346191406,261.3915710449219,367.58367919921875,88.16251373291016
2022-12-30,169.63999938964844,167.61611938476562,261.234619140625,366.6154479980469,87.18177795410156
2023-01-03,171.05999755859375,166.69325256347656,259.46881103515625,365.0720520019531,88.84551239013672
2023-01-04,172.6699981689453,168.7696990966797,260.7048034667969,367.8905029296875,90.06272888183594
2023-01-05,170.52000427246094,166.96241760253906,256.62371826171875,363.6916198730469,90.43926239013672
2023-01-06,173.7100067138672,170.7115936279297,263.7069091796875,372.03179931640625,92.10308074951172
2023-01-09,174.10000610351562,171.0,265.41387939453125,371.8209533691406,92.5934066772461
2023-01-10,174.74000549316406,173.5282440185547,267.6605224609375,374.4284362792969,91.06096649169922
2023-01-11,174.6199951171875,175.6912384033203,272.29107666015625,379.1641540527344,92.54087829589844
2023-01-12,176.63999938964844,178.64248657226562,273.76263427734375,380.54461669921875,94.36225128173828
2023-01-13,178.75999450683594,179.81533813476562,275.6463317871094,382.0209655761719,93.47783660888672
2023-01-17,177.58999633789062,179.59422302246094,276.20550537109375,381.3211364746094,92.87362670898438
2023-01-18,177.0800018310547,176.69102478027344,272.6148681640625,375.30084228515625,95.12410736083984
2023-01-19,179.88999938964844,174.9990692138672,269.9365234375,372.56866455078125,94.52864074707031
2023-01-20,179.2899932861328,177.883056640625,277.32391357421875,379.50927734375,92.99623107910156
2023-01-23,179.6300048828125,180.08448791503906,283.4848937988281,384.0628967285156,92.5583724975586
2023-01-24,180.27999877929688,179.699951171875,282.90606689453125,383.6506652832031,93.88944244384766
2023-01-25,181.11000061035156,180.19984436035156,282.2781677246094,383.79443359375,94.11709594726562
2023-01-26,179.47000122070312,181.2668914794922,287.78192138671875,388.012451171875,93.67924499511719
2023-01-27,179.22000122070312,182.2474365234375,290.6465759277344,388.9040222167969,93.44281005859375
2023-01-30,178.75999450683594,179.7095489501953,284.77008056640625,384.0245361328125,93.10131072998047
2023-01-31,179.41000366210938,184.073974609375,289.03765869140625,389.6709289550781,93.84564208984375
2023-02-01,181.6699981689453,186.96754455566406,295.21832275390625,393.8122253417969,94.97376251220703
2023-02-02,177.89999389648438,190.6494140625,305.81365966796875,399.5449523925781,95.09664916992188
2023-02-03,173.4600067138672,189.37086486816406,300.3786315917969,395.2981872558594,93.6744384765625
2023-02-06,173.82000732421875,186.63108825683594,297.8377380371094,392.8824768066406,92.98084259033203
2023-02-07,173.97999572753906,188.01539611816406,304.0085754394531,398.0207824707031,92.23462677001953
2023-02-08,174.41000366210938,185.26597595214844,298.6028747558594,393.6684875488281,92.67359924316406
2023-02-09,173.02999877929688,182.58389282226562,295.9638977050781,390.25567626953125,91.795654296875
2023-02-10,173.36000061035156,182.94923400878906,294.0214538574219,391.1664733886719,90.76847839355469
2023-02-13,172.47999572753906,185.15066528320312,298.73046875,395.7583312988281,91.53231048583984
2023-02-14,172.61000061035156,185.06411743164062,300.9378356933594,395.5762023925781,91.32158660888672
2023-02-15,170.88999938964844,186.93870544433594,303.2432861328125,396.8608093261719,90.47001647949219
2023-02-16,170.75,185.15066528320312,297.5531921386719,391.3965148925781,89.18824005126953
2023-02-17,171.25999450683594,185.66015625,295.45379638671875,390.418701171875,89.88180541992188
2023-02-21,170.6199951171875,180.18057250976562,288.45880126953125,382.5865173339844,88.13470458984375
2023-02-22,169.66000366210938,180.6708984375,288.6746520996094,382.059326171875,88.94242095947266
2023-02-23,169.57000732421875,181.95904541015625,291.1960144042969,384.0916442871094,89.81156158447266
2023-02-24,168.35000610351562,180.25750732421875,286.32012939453125,379.9886169433594,88.6439208984375
2023-02-27,169.00999450683594,180.89195251464844,288.37054443359375,381.2828063964844,88.88972473144531
2023-02-28,169.77999877929688,180.90159606933594,287.99774169921875,379.87359619140625,89.29359436035156
2023-03-01,170.75999450683594,181.13230895996094,285.6824951171875,378.4164733886719,88.33430480957031
2023-03-02,170.66000366210938,181.56491088867188,288.0467529296875,381.3594055175781,87.55101013183594
2023-03-03,172.49000549316406,184.09323120117188,294.0018005371094,387.47564697265625,89.67200469970703
2023-03-06,171.6199951171875,181.40150451660156,294.3353576660156,387.7440490722656,88.97676849365234
2023-03-07,168.6199951171875,179.29617309570312,290.7250671386719,381.80047607421875,89.5224380493164
2023-03-08,168.5399932861328,179.38270568847656,292.1769714355469,382.4236145019531,89.61041259765625
2023-03-09,170.1999969482422,174.3934783935547,287.1147766113281,375.3678894042969,89.83042907714844
2023-03-10,173.8699951171875,169.36572265625,283.0826110839844,369.9516296386719,92.92835998535156
2023-03-13,177.86000061035156,166.6067352294922,285.1820983886719,369.42437744140625,93.13955688476562
2023-03-14,176.8300018310547,169.69259643554688,291.7355041503906,375.53094482421875,91.60821533203125
2023-03-15,178.2100067138672,166.89517211914062,293.2659606933594,373.18218994140625,93.37721252441406
2023-03-16,178.57000732421875,169.17344665527344,300.9966735839844,379.729736328125,92.64671325683594
2023-03-17,183.77000427246094,164.60719299316406,299.5740966796875,375.28973388671875,94.0372543334961
2023-03-20,183.83999633789062,166.7412872314453,300.6372985839844,378.89837646484375,93.20996856689453
2023-03-21,180.3699951171875,169.8175506591797,304.9310302734375,383.8734436035156,92.4090805053711
2023-03-22,183.44000244140625,165.0013427734375,300.78466796875,377.3297424316406,93.6412124633789
2023-03-23,185.74000549316406,164.2689971923828,304.3514709472656,378.349853515625,93.6412124633789
2023-03-24,183.64999389648438,165.7548828125,305.4715881347656,380.8326416015625,94.0372543334961
2023-03-27,181.9499969482422,167.5977783203125,303.37872314453125,381.5446472167969,91.82825469970703
2023-03-28,183.44000244140625,167.3565673828125,301.76727294921875,380.688232421875,91.9954605102539
2023-03-29,182.52999877929688,169.2573699951172,307.2696533203125,386.2214660644531,91.81062316894531
2023-03-30,184.17999267578125,169.0257568359375,310.1780700683594,388.48291015625,92.23310852050781
2023-03-31,183.22000122070312,172.13265991210938,315.3365478515625,393.9584655761719,93.61478424072266
2023-04-03,184.5399932861328,172.20985412597656,314.57012939453125,395.4595947265625,94.05511474609375
2023-04-04,187.97999572753906,169.1898193359375,313.50897216796875,393.2655944824219,94.522705078125
2023-04-05,187.8300018310547,167.5302276611328,310.41387939453125,392.2359313964844,95.51091003417969
2023-04-06,186.49000549316406,167.78114318847656,312.50677490234375,393.76593017578125,95.75797271728516
2023-04-10,185.11000061035156,169.57579040527344,312.32989501953125,394.170166015625,94.21391296386719
2023-04-11,186.27999877929688,170.91696166992188,310.3254699707031,394.2759704589844,94.40802001953125
2023-04-12,187.19000244140625,169.66261291503906,307.5840759277344,392.6689147949219,94.31095886230469
2023-04-13,189.72000122070312,171.91075134277344,313.60723876953125,397.8846435546875,93.56982421875
2023-04-14,186.36000061035156,170.30905151367188,313.0177307128906,396.9127502441406,92.71395111083984
2023-04-17,185.52999877929688,172.49935913085938,313.28302001953125,398.33697509765625,91.61104583740234
2023-04-18,186.25,171.7659912109375,313.30267333984375,398.5967712402344,91.93751525878906
2023-04-19,185.36000061035156,171.9879608154297,313.15521240234375,398.5294189453125,91.84929656982422
2023-04-20,186.08999633789062,171.1002655029297,310.7676086425781,396.3545837402344,92.63455963134766
2023-04-21,184.25,171.32220458984375,311.0918273925781,396.6625671386719,92.11400604248047
2023-04-24,184.80999755859375,171.20640563964844,310.443359375,397.0762939453125,93.0051498413086
2023-04-25,185.75,166.98025512695312,304.5872497558594,390.7731628417969,94.37271118164062
2023-04-26,184.74000549316406,165.3689422607422,306.43450927734375,389.1180419921875,93.36688995361328
2023-04-27,184.75,167.5784912109375,314.7667236328125,396.86456298828125,92.4404525756836
2023-04-28,184.8000030517578,169.0451202392578,316.9381103515625,400.2519226074219,93.93154907226562
2023-05-01,183.97000122070312,169.14158630371094,316.5745544433594,399.8477478027344,91.22306823730469
2023-05-02,187.52000427246094,165.6680450439453,313.81353759765625,395.353759765625,93.49639892578125
2023-05-03,189.11000061035156,166.2759246826172,311.7599792480469,392.6400451660156,94.01828002929688
2023-05-04,190.44000244140625,164.4137420654297,310.6595458984375,389.8590087890625,93.0894775390625
2023-05-05,187.4600067138672,168.32142639160156,317.2624206542969,397.0762939453125,92.77989196777344
2023-05-08,187.69000244140625,167.9355010986328,318.0484313964844,397.1821594238281,91.47959899902344
2023-05-09,189.02000427246094,167.43377685546875,316.0341491699219,395.4403381347656,91.15232849121094
2023-05-10,188.75,168.28286743164062,319.4731750488281,397.2880554199219,92.03684997558594
2023-05-11,187.1300048828125,166.9899444580078,320.5147705078125,396.59515380859375,93.00989532470703
2023-05-12,186.80999755859375,166.65220642089844,319.3651428222656,396.0755310058594,92.23146057128906
2023-05-15,187.2100067138672,168.6881103515625,321.09442138671875,397.4420471191406,91.27616119384766
2023-05-16,184.8699951171875,166.2277069091797,321.4579772949219,394.7861022949219,91.00196838378906
2023-05-17,184.22999572753906,169.93275451660156,325.34893798828125,399.57830810546875,90.7365951538086
2023-05-18,181.83999633789062,170.96522521972656,331.3916931152344,403.4275207519531,90.06434631347656
2023-05-19,183.63999938964844,169.9231414794922,330.64501953125,402.84051513671875,89.4274673461914
2023-05-22,183.2100067138672,171.9976043701172,331.75531005859375,403.0041198730469,89.10900115966797
2023-05-23,183.42999267578125,171.18711853027344,327.5499267578125,398.48126220703125,89.36555480957031
2023-05-24,181.9499969482422,169.37313842773438,325.8697204589844,395.5943298339844,88.92328643798828
2023-05-25,180.1999969482422,168.05128479003906,333.7991027832031,399.0202331542969,88.7021484375
2023-05-26,180.9199981689453,169.9617156982422,342.32781982421875,404.1877746582031,89.41863250732422
2023-05-30,182.0399932861328,169.33456420898438,343.8802795410156,404.3416748046875,90.31200408935547
2023-05-31,182.32000732421875,167.6653594970703,341.9249267578125,402.0995178222656,91.09925842285156
2023-06-01,183.75999450683594,169.4792938232422,345.8748779296875,405.9198913574219,91.45668029785156
2023-06-02,181.0500030517578,175.62548828125,348.4688720703125,411.78997802734375,90.45448303222656
2023-06-05,182.13999938964844,173.271240234375,348.71453857421875,411.00091552734375,90.28596496582031
2023-06-06,182.33999633789062,177.83505249023438,348.65557861328125,411.8958435058594,90.81810760498047
2023-06-07,180.14999389648438,181.16246032714844,342.740478515625,410.47161865234375,89.47003936767578
2023-06-08,182.52999877929688,180.4851531982422,346.9950256347656,412.954345703125,90.51656341552734
2023-06-09,182.0399932861328,179.024169921875,348.3215026855469,413.6953125,90.39239501953125
2023-06-12,181.8800048828125,179.76918029785156,354.2070617675781,417.4483337402344,90.65847778320312
2023-06-13,180.5399932861328,181.83001708984375,356.9288635253906,420.20050048828125,89.76268005371094
2023-06-14,180.63999938964844,179.8756103515625,359.5227966308594,420.7009582519531,90.4811019897461
2023-06-15,181.91000366210938,181.35595703125,363.80682373046875,425.9166564941406,91.35025024414062
2023-06-16,181.6300048828125,179.90463256835938,361.5174255371094,424.4658203125,90.99547576904297
2023-06-20,179.75,179.12095642089844,360.9998474121094,422.2636413574219,91.62516021728516
2023-06-21,179.49000549316406,178.7048797607422,356.0802917480469,420.1000671386719,91.84691619873047
2023-06-22,177.7100067138672,177.3793182373047,360.2816467285156,421.6165466308594,90.73829650878906
2023-06-23,178.1999969482422,174.7089385986328,356.7099914550781,418.4291076660156,91.64293670654297
2023-06-26,178.50999450683594,174.88308715820312,351.9281005859375,416.719482421875,91.74046325683594
2023-06-27,177.69000244140625,177.40838623046875,357.979248046875,421.2881774902344,91.5009994506836
2023-06-28,177.27999877929688,178.27915954589844,358.6778259277344,421.5006103515625,91.89125061035156
2023-06-29,177.08999633789062,180.33035278320312,357.9595642089844,423.161865234375,90.23274230957031
2023-06-30,178.27000427246094,181.1914520263672,363.4793701171875,428.1554870605469,91.29705047607422
2023-07-03,178.47000122070312,181.55911254882812,364.3353271484375,428.6481018066406,90.77947235107422
2023-07-05,177.83999633789062,179.74981689453125,364.3255615234375,428.0106506347656,89.91686248779297
2023-07-06,177.30999755859375,176.84719848632812,361.5508117675781,424.6590576171875,88.6451416015625
2023-07-07,178.63999938964844,178.71458435058594,360.3504333496094,423.5869140625,88.11157989501953
2023-07-10,178.77999877929688,181.77197265625,360.4685363769531,424.6590576171875,88.2271957397461
2023-07-11,179.4499969482422,183.6393280029297,362.2494201660156,427.3635559082031,88.68070983886719
2023-07-12,181.8800048828125,185.64215087890625,366.8246765136719,430.80206298828125,89.6678695678711
2023-07-13,182.00999450683594,187.14186096191406,373.0528564453125,434.2212219238281,90.61048889160156
2023-07-14,181.42999267578125,185.3131866455078,372.9741516113281,433.9508056640625,90.07693481445312
2023-07-17,181.55999755859375,187.29664611816406,376.4572448730469,435.45758056640625,90.12137603759766
2023-07-18,183.63999938964844,189.60903930664062,379.53692626953125,438.6933288574219,90.53045654296875
2023-07-19,183.6699981689453,190.41213989257812,379.4482727050781,439.6688537597656,91.55313873291016
2023-07-20,182.74000549316406,188.74795532226562,370.70135498046875,436.7518615722656,90.4415283203125
2023-07-21,182.17999267578125,188.14808654785156,369.5895080566406,436.7518615722656,90.46820831298828
2023-07-24,181.39999389648438,188.6125030517578,370.17987060546875,438.70294189453125,90.13917541503906
2023-07-25,182.41000366210938,188.5931396484375,372.68878173828125,439.900634765625,89.97020721435547
2023-07-26,183.3000030517578,190.0831756591797,371.4490966796875,439.96826171875,90.05911254882812
2023-07-27,180.4199981689453,187.62559509277344,370.56353759765625,437.0512390136719,88.30722045898438
2023-07-28,181.86000061035156,190.05413818359375,377.31329345703125,441.3301696777344,88.76075744628906
2023-07-31,182.35000610351562,192.26016235351562,377.510009765625,442.17047119140625,88.97418212890625
2023-08-01,180.4600067138672,191.37966918945312,376.6343078613281,440.90521240234375,87.51618957519531
2023-08-02,179.60000610351562,188.77700805664062,368.36944580078125,434.7718200683594,86.579833984375
2023-08-03,179.5399932861328,188.24485778808594,367.7790832519531,433.5257568359375,84.58232116699219
2023-08-04,180.19000244140625,187.8675079345703,366.0572509765625,431.5650634765625,86.08045196533203
2023-08-07,179.77999877929688,187.9932861328125,369.1565246582031,435.3320007324219,85.23331451416016
2023-08-08,178.63999938964844,186.81289672851562,366.0178527832031,433.4388732910156,86.22314453125
2023-08-09,177.7899932861328,185.35186767578125,361.99359130859375,430.5412292480469,86.66902160644531
2023-08-10,177.60000610351562,184.5294647216797,362.66265869140625,430.69580078125,85.24221801757812
2023-08-11,177.60000610351562,184.79071044921875,360.3504333496094,430.4446105957031,85.0460433959961
2023-08-14,177.05999755859375,184.47142028808594,364.3944091796875,432.8207702636719,84.8587875366211
2023-08-15,176.58999633789062,182.03323364257812,360.5276184082031,427.7788391113281,84.34154510498047
2023-08-16,175.57000732421875,179.80789184570312,356.7099914550781,424.63970947265625,83.68167114257812
2023-08-17,175.3000030517578,177.68893432617188,352.8135986328125,421.4040222167969,83.3249740600586
2023-08-18,175.3300018310547,178.65650939941406,352.370849609375,421.6068420410156,83.6192398071289
2023-08-21,175.80999755859375,178.39527893066406,358.048095703125,424.3499450683594,82.5045394897461
2023-08-22,176.10000610351562,177.86312866210938,357.53643798828125,423.2005615234375,83.13770294189453
2023-08-23,177.88999938964844,179.75949096679688,363.17431640625,427.91400146484375,85.19763946533203
2023-08-24,177.85000610351562,177.27293395996094,355.4111633300781,421.9835510253906,84.6358413696289
2023-08-25,177.6199951171875,178.027587890625,358.1661376953125,424.9584655761719,84.91228485107422
2023-08-28,178.1300048828125,179.61436462402344,360.86212158203125,427.6532287597656,85.00144958496094
2023-08-29,179.8699951171875,182.1203155517578,368.7432861328125,433.8349304199219,85.88429260253906
2023-08-30,180.32000732421875,182.80726623535156,370.7997131347656,435.62176513671875,85.79509735107422
2023-08-31,180.02000427246094,182.48794555664062,371.91156005859375,434.98431396484375,86.17855834960938
2023-09-01,180.11000061035156,184.65525817871094,371.5179443359375,435.7956237792969,84.83602905273438
2023-09-05,178.63999938964844,180.76576232910156,371.9902038574219,433.9122314453125,83.64643859863281
2023-09-06,177.8300018310547,180.08848571777344,368.7137756347656,430.9952087402344,83.85214233398438
2023-09-07,178.02000427246094,178.34690856933594,366.076904296875,429.67193603515625,84.0846939086914
2023-09-08,178.0800018310547,177.9501953125,366.5885009765625,430.3191223144531,84.40672302246094
2023-09-11,178.41000366210938,178.3759307861328,370.907958984375,433.1491394042969,83.79851531982422
2023-09-12,177.49000549316406,178.20175170898438,366.7951354980469,430.7730712890625,84.28147888183594
2023-09-13,177.0800018310547,177.03102111816406,368.1922912597656,431.2752990722656,84.26361083984375
2023-09-14,177.1699981689453,179.52728271484375,371.2031555175781,434.993896484375,83.65540313720703
2023-09-15,178.33999633789062,177.6502685546875,364.84698486328125,429.7530212402344,83.14559173583984
2023-09-18,179.38999938964844,176.46987915039062,365.2272644042969,430.0050048828125,83.61961364746094
2023-09-19,179.22000122070312,175.7829132080078,364.44891357421875,429.1132507324219,83.00245666503906
2023-09-20,179.35000610351562,174.02195739746094,359.1969909667969,425.1683349609375,83.26183319091797
2023-09-21,178.0500030517578,171.3225555419922,352.6149597167969,418.1409912109375,81.12418365478516
2023-09-22,178.6199951171875,170.93548583984375,352.6642150878906,417.2007751464844,81.77709197998047
2023-09-25,177.6999969482422,171.6998748779297,354.33929443359375,418.9552001953125,79.7646484375
2023-09-26,176.27999877929688,169.4923095703125,349.0184326171875,412.8001403808594,79.48741149902344
2023-09-27,174.10000610351562,171.0767822265625,349.8363342285156,412.9649963378906,79.07594299316406
2023-09-28,173.22999572753906,172.62237548828125,352.76275634765625,415.3591003417969,79.31744384765625
2023-09-29,171.4499969482422,171.8058624267578,353.0189514160156,414.3510437011719,79.3263931274414
2023-10-02,169.64999389648438,169.2103729248047,355.965087890625,414.186279296875,77.99845886230469
2023-10-03,169.16000366210938,166.3621826171875,349.7180480957031,408.64190673828125,76.32058715820312
2023-10-04,169.13999938964844,166.43997192382812,354.4772033691406,411.6176452636719,77.39728546142578
2023-10-05,168.8300018310547,166.56634521484375,353.4327087402344,411.4624938964844,77.0114517211914
2023-10-06,169.6999969482422,168.1702423095703,359.3547058105469,416.3478088378906,76.07832336425781
2023-10-09,172.82000732421875,169.14231872558594,361.1873779296875,419.0133056640625,77.86385345458984
2023-10-10,172.52999877929688,171.05734252929688,363.1876525878906,421.1942443847656,77.7562026977539
2023-10-11,173.7899932861328,170.7657012939453,365.7790832519531,422.9195556640625,79.38021087646484
2023-10-12,173.25999450683594,166.90652465820312,364.5080261230469,420.3412170410156,77.226806640625
2023-10-13,178.8300018310547,165.5164794921875,359.92620849609375,418.24755859375,78.60859680175781
2023-10-16,177.9600067138672,168.18966674804688,363.9956359863281,422.6481628417969,77.34342956542969
2023-10-17,178.2899932861328,170.06582641601562,362.8033752441406,422.6287536621094,76.49105834960938
2023-10-18,180.8699951171875,166.56634521484375,358.044189453125,416.9971618652344,75.81810760498047
2023-10-19,183.08999633789062,163.91250610351562,354.6940612792969,413.3332214355469,74.26587677001953
2023-10-20,183.58999633789062,161.7934112548828,349.4027099609375,408.25421142578125,74.68756103515625
2023-10-23,182.97000122070312,160.42274475097656,350.4570617675781,407.5466613769531,75.5848388671875
2023-10-24,182.9499969482422,161.82254028320312,353.8663330078125,410.6192626953125,76.58079528808594
2023-10-25,183.72000122070312,159.14932250976562,345.2052001953125,404.7259521484375,74.87599182128906
2023-10-26,184.00999450683594,159.55760192871094,338.623046875,399.8795471191406,76.02449035644531
2023-10-27,186.14999389648438,157.68145751953125,340.2489013671875,398.0669860839844,75.70146942138672
2023-10-30,185.10000610351562,158.55633544921875,344.0818176269531,402.82623291015625,75.36050415039062
2023-10-31,184.08999633789062,159.92698669433594,345.7273864746094,405.3560485839844,74.99263763427734
2023-11-01,183.50999450683594,160.84075927734375,351.7281188964844,409.6790771484375,76.61864471435547
2023-11-02,184.1199951171875,165.1276092529297,358.1131286621094,417.5303039550781,78.36528778076172
2023-11-03,184.7899932861328,169.61863708496094,362.320556640625,421.339599609375,78.896484375
2023-11-06,183.35000610351562,167.49949645996094,363.7985534667969,422.3088684082031,78.13121032714844
2023-11-07,182.58999633789062,166.90652465820312,367.2374572753906,423.51080322265625,79.28364562988281
2023-11-08,180.77000427246094,165.1276092529297,367.4739074707031,423.821044921875,80.63414764404297
2023-11-09,181.49000549316406,162.571044921875,364.64593505859375,420.5157165527344,78.77944946289062
2023-11-10,179.50999450683594,164.38885498046875,372.843994140625,427.0777587890625,79.2206039428711
2023-11-13,180.50999450683594,164.4471893310547,371.6813659667969,426.6706848144531,79.04056549072266
2023-11-14,182.1199951171875,173.47781372070312,379.68231201171875,434.9483947753906,80.83222198486328
2023-11-15,181.63999938964844,173.7791748046875,379.9680480957031,435.86920166015625,79.69779968261719
2023-11-16,183.69000244140625,170.96986389160156,380.2932434082031,436.40234375,80.68815612792969
2023-11-17,183.6699981689453,173.31256103515625,380.38189697265625,436.94512939453125,81.06632232666016
2023-11-20,183.3699951171875,174.32351684570312,385.01300048828125,440.3085632324219,81.56149291992188
2023-11-21,185.35000610351562,172.07801818847656,382.7763366699219,439.34893798828125,81.5254898071289
2023-11-22,184.55999755859375,173.1570281982422,384.343017578125,441.0451965332031,81.81359100341797
2023-11-24,185.52000427246094,174.32351684570312,383.8010559082031,441.31658935546875,80.85021209716797
2023-11-27,186.77000427246094,173.74026489257812,383.4660339355469,440.52178955078125,82.20074462890625
2023-11-28,189.25999450683594,173.06954956054688,384.4710693359375,440.9579772949219,82.36279296875
2023-11-29,189.5399932861328,173.98329162597656,384.0966491699219,440.6477966308594,83.39816284179688
2023-11-30,188.75,174.64431762695312,383.1309509277344,442.3828430175781,82.43480682373047
2023-12-01,192.00999450683594,179.74774169921875,384.2247009277344,444.9999084472656,83.98741912841797
2023-12-04,187.86000061035156,181.6724853515625,380.6578063964844,442.6639404296875,83.65323638916016
2023-12-05,187.14999389648438,179.24224853515625,381.61358642578125,442.57666015625,85.45056915283203
2023-12-06,187.83999633789062,178.9214630126953,379.4064025878906,440.7932434082031,86.58859252929688
2023-12-07,188.14999389648438,180.21437072753906,384.7075500488281,444.1566162109375,86.09183502197266
2023-12-08,185.63999938964844,181.58497619628906,386.42205810546875,446.0661315917969,85.3873519897461
2023-12-11,183.58999633789062,181.96409606933594,389.72296142578125,447.8011474609375,85.2066879272461
2023-12-12,183.49000549316406,181.77940368652344,392.82684326171875,449.8463439941406,85.45960998535156
2023-12-13,187.6300048828125,187.93270874023438,397.82244873046875,456.0498046875,87.46466827392578
2023-12-14,188.72999572753906,193.16250610351562,397.4776306152344,457.513427734375,89.7398681640625
2023-12-15,187.0,191.53909301757812,399.3990478515625,456.7601013183594,89.83956146240234
2023-12-18,187.85000610351562,191.60716247558594,401.9146728515625,459.3294372558594,89.12374114990234
2023-12-19,189.1300048828125,195.3205108642578,403.9683532714844,462.1225891113281,89.60395812988281
2023-12-20,188.10000610351562,191.4998779296875,397.9654235839844,455.71881103515625,90.2110595703125
2023-12-21,189.42999267578125,194.75852966308594,402.5959777832031,460.0399169921875,89.64020538330078
2023-12-22,190.27000427246094,196.57321166992188,403.1982421875,460.9644470214844,89.23248291015625
2023-12-26,191.72000122070312,199.12942504882812,405.66650390625,462.91082763671875,89.48616790771484
2023-12-27,192.58999633789062,199.8319091796875,406.4923400878906,463.74786376953125,91.07185363769531
2023-12-28,191.47000122070312,199.07086181640625,406.29473876953125,463.92303466796875,90.41039276123047
2023-12-29,191.1699981689453,195.82200622558594,404.5364074707031,462.5799865722656,89.59490966796875
2024-01-02,190.72000122070312,194.6609649658203,397.6907653808594,459.9912109375,89.07840728759766
2024-01-03,189.1300048828125,189.47052001953125,393.4825744628906,456.23468017578125,89.44994354248047
2024-01-04,189.32000732421875,189.0997772216797,391.45751953125,454.7650146484375,88.09080505371094
2024-01-05,189.35000610351562,188.54364013671875,391.92181396484375,455.3879089355469,87.24813842773438
2024-01-08,187.8699951171875,191.93890380859375,400.0220642089844,461.8890380859375,88.1089096069336
2024-01-09,187.92999267578125,190.22177124023438,400.8122863769531,461.1882629394531,87.54712677001953
2024-01-10,187.5,190.3291015625,403.52886962890625,463.7965087890625,87.13938903808594
2024-01-11,187.8699951171875,188.8363494873047,404.36846923828125,463.5921630859375,87.62869262695312
2024-01-12,189.7100067138672,188.52415466308594,404.5758972167969,463.91326904296875,87.45650482177734
2024-01-16,187.91000366210938,186.19232177734375,404.5364074707031,462.2101745605469,85.91615295410156
2024-01-17,185.83999633789062,184.86546325683594,402.2545471191406,459.640869140625,85.78022766113281
2024-01-18,187.3699951171875,185.95819091796875,407.9642028808594,463.72833251953125,84.98287963867188
2024-01-19,187.92999267578125,187.74363708496094,416.05450439453125,469.5092468261719,85.25469970703125
2024-01-22,187.22000122070312,191.7535400390625,416.59783935546875,470.501953125,85.7621078491211
2024-01-23,187.9499969482422,191.1974334716797,418.3265075683594,471.8742370605469,85.08253479003906
2024-01-24,186.39999389648438,189.62661743164062,420.6479187011719,472.3900146484375,84.58419799804688
2024-01-25,187.13999938964844,191.1974334716797,421.1615905761719,474.9593200683594,85.13690185546875
2024-01-26,187.00999450683594,191.2071533203125,418.6524963378906,474.35589599609375,84.97382354736328
2024-01-29,188.3300018310547,194.55364990234375,422.939697265625,478.1125183105469,85.952392578125
2024-01-30,188.58999633789062,192.89505004882812,420.1243896484375,477.74273681640625,86.73165130615234
2024-01-31,188.4499969482422,188.1826629638672,411.895751953125,469.94720458984375,87.58338165283203
2024-02-01,190.41000366210938,190.68032836914062,416.7460021972656,476.09796142578125,89.30142974853516
2024-02-02,188.61000061035156,189.67543029785156,423.78924560546875,481.11004638671875,87.32886505126953
2024-02-05,187.57000732421875,187.2655792236328,423.2360534667969,479.3582458496094,85.56537628173828
2024-02-06,188.5500030517578,188.9534454345703,422.38653564453125,480.75,86.40166473388672
2024-02-07,188.5,188.514404296875,426.73297119140625,484.75958251953125,85.98350524902344
2024-02-08,188.3300018310547,191.373046875,427.52325439453125,484.97369384765625,85.48355865478516
2024-02-09,187.60000610351562,194.4853515625,431.7314147949219,487.776611328125,85.31085968017578
2024-02-12,187.11000061035156,198.01719665527344,430.042236328125,487.5624694824219,85.41082000732422
2024-02-13,184.52999877929688,189.87054443359375,423.3348388671875,480.8472595214844,83.94734191894531
2024-02-14,184.4199981689453,194.2804718017578,427.9480285644531,485.2170104980469,84.37455749511719
2024-02-15,185.66000366210938,199.46115112304688,429.2222900390625,488.5648498535156,84.81087493896484
2024-02-16,186.33999633789062,196.7488250732422,425.33026123046875,486.1318054199219,84.32003021240234
2024-02-20,187.47000122070312,194.03656005859375,422.11981201171875,483.45550537109375,84.39274597167969
2024-02-21,187.47999572753906,193.11944580078125,420.4305725097656,483.8934326171875,83.79280090332031
2024-02-22,187.55999755859375,194.58291625976562,432.73895263671875,493.9078674316406,84.20183563232422
2024-02-23,188.6199951171875,195.02195739746094,431.4646911621094,494.24847412109375,85.32901763916016
2024-02-26,188.1999969482422,196.25128173828125,431.2374572753906,492.4382629394531,85.07449340820312
2024-02-27,188.0,199.0318603515625,432.27471923828125,493.3530578613281,84.47454071044922
2024-02-28,188.33999633789062,197.3927764892578,429.9730529785156,492.7010498046875,85.0108642578125
2024-02-29,189.30999755859375,198.76844787597656,433.6576843261719,494.4723205566406,85.61082458496094
2024-03-01,192.88999938964844,200.87583923339844,440.18719482421875,499.114501953125,86.14424133300781
2024-03-04,196.00999450683594,200.69046020507812,438.6165466308594,498.57928466796875,85.79776000976562
2024-03-05,197.19000244140625,198.76844787597656,430.7435302734375,493.5963439941406,87.01966857910156
2024-03-06,198.80999755859375,200.25143432617188,433.4502258300781,496.0975646972656,87.5302734375
2024-03-07,199.94000244140625,201.9197998046875,440.0291748046875,501.0220642089844,87.4482421875
2024-03-08,201.6300048828125,201.79293823242188,433.6773986816406,498.01483154296875,87.29322814941406
2024-03-11,202.0,200.19287109375,432.06732177734375,497.58660888671875,87.24764251708984
2024-03-12,199.7899932861328,199.91970825195312,438.2609558105469,502.9393615722656,86.51812744140625
2024-03-13,201.19000244140625,200.7002410888672,434.8924560546875,502.1510009765625,86.09867095947266
2024-03-14,200.35000610351562,197.1098175048828,433.79595947265625,501.1582946777344,84.77645111083984
2024-03-15,199.7100067138672,197.4805908203125,428.63946533203125,497.717041015625,84.74909973144531
2024-03-18,200.02999877929688,196.3488311767578,432.72760009765625,500.67510986328125,84.49376678466797
2024-03-19,199.8000030517578,197.17813110351562,433.80572509765625,503.45733642578125,84.73086547851562
2024-03-20,202.17999267578125,201.08070373535156,438.9492492675781,508.11407470703125,84.70349884033203
2024-03-21,201.97000122070312,203.39108276367188,441.0264892578125,509.79315185546875,84.88587951660156
2024-03-22,200.35000610351562,200.58384704589844,441.5308837890625,508.8267822265625,85.69744873046875
2024-03-25,200.99000549316406,201.04354858398438,439.9285583496094,507.4208679199219,85.26885986328125
2024-03-26,201.63999938964844,200.68165588378906,438.50421142578125,506.48370361328125,85.50593566894531
2024-03-27,203.10000610351562,205.05386352539062,439.9977722167969,510.7400817871094,86.35398864746094
2024-03-28,205.72000122070312,205.69943237304688,439.1866760253906,510.6424865722656,86.2810287475586
2024-04-01,207.82000732421875,203.76275634765625,440.1164855957031,509.7540283203125,84.67266082763672
2024-04-02,210.88999938964844,200.0165557861328,436.318115234375,506.5130310058594,84.20606994628906
2024-04-03,212.74000549316406,201.3272247314453,437.29742431640625,507.0694580078125,84.18778228759766
2024-04-04,211.52000427246094,199.31228637695312,430.6108703613281,500.8800964355469,84.79161071777344
2024-04-05,215.13999938964844,199.97740173339844,435.6851501464844,506.1127624511719,83.61140441894531
2024-04-08,216.47999572753906,201.0729217529297,435.813720703125,506.3958435058594,83.60224914550781
2024-04-09,217.6699981689453,201.8651885986328,437.4259948730469,506.9815368652344,84.37991333007812
2024-04-10,215.61000061035156,196.53439331054688,433.60797119140625,501.9051208496094,82.54098510742188
2024-04-11,219.8000030517578,197.86463928222656,440.5318908691406,505.6929626464844,82.16587829589844
2024-04-12,216.88999938964844,194.34341430664062,433.509033203125,498.71282958984375,82.60503387451172
2024-04-15,220.9499969482422,191.49710083007812,426.3773498535156,492.46490478515625,81.32416534423828
2024-04-16,221.22000122070312,190.79283142089844,426.4169006347656,491.5667724609375,80.78441619873047
2024-04-17,219.58999633789062,188.7778778076172,421.2140197753906,488.65753173828125,81.68099975585938
2024-04-18,220.33999633789062,188.62139892578125,418.81048583984375,487.65203857421875,81.26927947998047
2024-04-19,221.02999877929688,188.91482543945312,410.1455383300781,483.39556884765625,81.56205749511719
2024-04-22,215.57000732421875,191.027587890625,414.2702941894531,487.8473205566406,81.42481994628906
2024-04-23,215.0399932861328,194.2260284423828,420.452392578125,493.6363525390625,81.45227813720703
2024-04-24,214.63999938964844,193.35548400878906,421.87677001953125,493.402099609375,80.87590789794922
2024-04-25,215.9199981689453,192.18173217773438,419.83917236328125,491.5277099609375,80.30867767333984
2024-04-26,216.6199951171875,194.0206298828125,426.3179931640625,496.1844177246094,80.7294921875
2024-04-29,216.17999267578125,195.58563232421875,428.0489807128906,497.94158935546875,81.4065170288086
2024-04-30,211.8699951171875,191.61444091796875,419.97760009765625,490.0536193847656,80.71121978759766
2024-05-01,213.7899932861328,192.0154571533203,416.94091796875,488.4623107910156,81.30614471435547
2024-05-02,213.1300048828125,195.54649353027344,422.2625427246094,493.0311279296875,81.65502166748047
2024-05-03,212.9600067138672,197.48318481445312,430.7493896484375,499.1424560546875,82.4813003540039
2024-05-06,215.1999969482422,200.03610229492188,435.4674987792969,504.29693603515625,82.80261993408203
2024-05-07,214.2100067138672,200.4860382080078,435.5367431640625,504.8533935546875,83.30758666992188
2024-05-08,213.5800018310547,199.3220672607422,435.279541015625,504.9022216796875,82.80261993408203
2024-05-09,216.9499969482422,201.35655212402344,436.2291259765625,507.8114013671875,83.20660400390625
2024-05-10,218.7100067138672,199.84048461914062,437.2578430175781,508.4654541015625,82.73836517333984
2024-05-13,216.25999450683594,200.26107788085938,438.2667541503906,508.53375244140625,82.94953155517578
2024-05-14,218.08999633789062,202.33470153808594,441.0857849121094,510.8669738769531,83.4177474975586
2024-05-15,220.88999938964844,204.85824584960938,447.98004150390625,517.1929931640625,84.55618286132812
2024-05-16,220.02999877929688,203.3812713623047,447.0700988769531,516.1289672851562,84.47356414794922
2024-05-17,223.66000366210938,203.52796936035156,446.85247802734375,516.870849609375,83.90433502197266
2024-05-20,224.55999755859375,203.9779052734375,449.96826171875,517.4664306640625,83.65645599365234
2024-05-21,224.22999572753906,203.7823028564453,450.8486022949219,518.7355346679688,84.08796691894531
2024-05-22,220.11000061035156,202.060791015625,450.7594909667969,517.2420043945312,84.18892669677734
2024-05-23,215.72000122070312,198.74496459960938,448.7318115234375,513.4639282226562,83.64727783203125
2024-05-24,215.9199981689453,200.9457550048828,452.9752197265625,516.8612670898438,83.89513397216797
2024-05-28,218.19000244140625,200.671875,454.68646240234375,517.2224731445312,82.69245910644531
2024-05-29,216.16000366210938,197.70816040039062,451.4816589355469,513.6005249023438,81.69171905517578
2024-05-30,216.57000732421875,199.58615112304688,446.644775390625,510.193359375,82.4813003540039
2024-05-31,215.3000030517578,201.26853942871094,445.8138732910156,514.84033203125,83.04132080078125
2024-06-03,217.22000122070312,200.13389587402344,448.20758056640625,515.2601318359375,84.38449096679688
2024-06-04,215.27000427246094,197.5516357421875,449.4341125488281,515.8361206054688,85.37020111083984
2024-06-05,217.82000732421875,200.5740509033203,458.49462890625,521.9668579101562,85.99663543701172
2024-06-06,219.42999267578125,199.13619995117188,458.3363952636719,521.9570922851562,85.8676528930664
2024-06-07,211.60000610351562,196.79849243164062,457.9308166503906,521.3225708007812,84.2923583984375
2024-06-10,213.5399932861328,197.47340393066406,459.7804870605469,522.933349609375,83.73040008544922
2024-06-11,214.14999389648438,196.798583984375,462.9358215332031,524.1926879882812,84.59637451171875
2024-06-12,214.72000122070312,199.81959533691406,468.99920654296875,528.4979858398438,85.23200225830078
2024-06-13,212.97000122070312,198.07369995117188,471.54132080078125,529.5620727539062,86.48489379882812
2024-06-14,215.72999572753906,194.92515563964844,473.9844970703125,529.88427734375,87.212646484375
2024-06-17,214.61000061035156,196.5631866455078,479.790771484375,534.1015014648438,86.34669494628906
2024-06-18,215.47000122070312,196.90647888183594,479.9390869140625,535.45849609375,87.13893127441406
2024-06-20,218.16000366210938,196.07275390625,476.2397766113281,534.0039672851562,86.55859375
2024-06-21,214.77999877929688,196.51414489746094,474.9637145996094,533.2880249023438,86.55859375
2024-06-24,215.6300048828125,197.3674774169922,469.5564270019531,531.5545654296875,86.90864562988281
2024-06-25,214.55999755859375,196.72010803222656,474.92608642578125,533.6015625,87.0560531616211
2024-06-26,212.5800018310547,196.20025634765625,475.9068908691406,534.2674560546875,85.8124008178711
2024-06-27,214.99000549316406,198.19140625,477.1354064941406,535.109619140625,86.15323638916016
2024-06-28,215.00999450683594,199.00550842285156,474.6585998535156,533.0040893554688,84.55030059814453
2024-07-01,215.57000732421875,197.33807373046875,477.4425354003906,534.1008911132812,83.09105682373047
2024-07-02,215.55999755859375,198.0148468017578,482.45550537109375,537.6953735351562,83.73796844482422
2024-07-03,217.99000549316406,197.96578979492188,486.477783203125,540.0948486328125,84.83771514892578
2024-07-05,220.92999267578125,197.024169921875,491.5502014160156,543.2092895507812,85.54007720947266
2024-07-08,218.19000244140625,198.4071807861328,492.71923828125,543.8360595703125,85.72490692138672
2024-07-09,218.55999755859375,197.5440216064453,493.1452331542969,544.3648681640625,85.34600830078125
2024-07-10,219.36000061035156,199.47630310058594,498.2870178222656,549.7516479492188,85.61402893066406
2024-07-11,223.25,206.6463623046875,487.3594970703125,545.01123046875,86.44574737548828
2024-07-12,223.11000061035156,209.0592498779297,490.22265625,548.4490356445312,86.8154067993164
2024-07-15,223.8300018310547,213.03172302246094,491.5403137207031,549.957275390625,85.81732940673828
2024-07-16,228.2899932861328,220.2998504638672,491.728515625,553.2186279296875,87.0279769897461
2024-07-17,227.22999572753906,217.9948272705078,477.29388427734375,545.4618530273438,87.04644775390625
2024-07-18,225.77999877929688,213.77716064453125,475.0351257324219,541.2700805664062,86.38105010986328
2024-07-19,221.72999572753906,212.6884002685547,470.8245849609375,537.6757202148438,85.87276458740234
2024-07-22,221.8000030517578,216.07237243652344,477.83880615234375,543.2190551757812,85.6232681274414
2024-07-23,222.5800018310547,218.36758422851562,476.154541015625,542.366943359375,85.50310516357422
2024-07-24,221.8000030517578,213.6790771484375,459.07476806640625,530.07568359375,84.57894897460938
2024-07-25,218.3300018310547,216.34701538085938,454.01220703125,527.3136596679688,85.27206420898438
2024-07-26,220.6300048828125,219.92710876464844,458.6685791015625,533.2195434570312,85.93746948242188
2024-07-29,220.32000732421875,217.48480224609375,459.5899353027344,533.5328369140625,86.39954376220703
2024-07-30,222.52000427246094,218.30873107910156,453.27911376953125,530.8297119140625,86.73224639892578
2024-07-31,226.5500030517578,219.57400512695312,466.69329833984375,539.458251953125,87.61943054199219
2024-08-01,225.77000427246094,212.4333953857422,455.38934326171875,531.8190307617188,88.37512969970703
2024-08-02,225.33999633789062,204.92005920410156,444.5806884765625,521.9172973632812,91.12903594970703
2024-08-05,222.47999572753906,198.32870483398438,431.32501220703125,506.71722412109375,91.61119079589844
2024-08-06,220.6999969482422,200.48658752441406,435.44635009765625,511.3889465332031,89.56197357177734
2024-08-07,220.5500030517578,198.11289978027344,430.7305603027344,507.97076416015625,88.93148040771484
2024-08-08,224.00999450683594,202.92893981933594,443.9070129394531,519.713623046875,88.38440704345703
2024-08-09,224.55999755859375,202.50717163085938,446.2252502441406,522.0054321289062,89.25601196289062
2024-08-12,228.41000366210938,200.6827850341797,447.18621826171875,522.2797241210938,89.5805435180664
2024-08-13,228.05999755859375,203.98825073242188,458.2821960449219,530.8688354492188,90.20178985595703
2024-08-14,226.1999969482422,202.72293090820312,458.4308166503906,532.5437622070312,90.76741790771484
2024-08-15,226.91000366210938,207.98031616210938,470.01220703125,541.6715698242188,90.03487396240234
2024-08-16,231.99000549316406,208.5296173095703,470.61651611328125,542.8861083984375,90.35013580322266
2024-08-19,231.61000061035156,211.07980346679688,476.7984924316406,548.0768432617188,90.76741790771484
2024-08-20,232.4600067138672,208.61785888671875,475.79791259765625,547.1856079101562,91.49064636230469
2024-08-21,232.14999389648438,211.3348388671875,478.01708984375,549.0660400390625,91.54631042480469
2024-08-22,229.3699951171875,209.47120666503906,470.4382019042969,544.7566528320312,90.6375961303711
2024-08-23,232.02000427246094,216.16064453125,475.5403137207031,550.5448608398438,91.23102569580078
2024-08-26,232.75999450683594,216.2292938232422,470.9236145019531,549.2325439453125,90.99920654296875
2024-08-27,233.38999938964844,214.5520477294922,472.3304443359375,549.9866333007812,90.84159851074219
2024-08-28,231.75,213.10037231445312,466.970703125,546.7938232421875,90.73030853271484
2024-08-29,232.9499969482422,214.6206817626953,466.287109375,546.8427124023438,90.43360137939453
2024-08-30,231.2899932861328,215.86639404296875,471.844970703125,552.06298828125,89.4692611694336
2024-09-03,230.2899932861328,209.26524353027344,457.51934814453125,540.7020874023438,90.93257141113281
2024-09-04,230.42999267578125,208.91212463378906,456.3304748535156,539.5952758789062,92.10469818115234
2024-09-05,232.35000610351562,207.87242126464844,456.7564697265625,538.2828979492188,92.6256332397461
2024-09-06,230.6300048828125,203.91958618164062,444.521240234375,529.2235717773438,92.61634063720703
2024-09-09,231.60000610351562,204.48846435546875,450.2376403808594,535.1488037109375,93.0163345336914
2024-09-10,232.6199951171875,204.3217315673828,454.39862060546875,537.4798583984375,93.66752624511719
2024-09-11,232.25,204.92005920410156,464.2660827636719,542.9938354492188,93.59310150146484
2024-09-12,236.3300018310547,207.55856323242188,468.8233337402344,547.5675048828125,93.15589141845703
2024-09-13,238.67999267578125,212.67860412597656,470.9236145019531,550.4273681640625,93.40706634521484
2024-09-16,238.66000366210938,213.44366455078125,468.8431396484375,551.2402954101562,94.26287841796875
2024-09-17,237.33999633789062,215.209228515625,469.0908508300781,551.4655151367188,93.80706024169922
2024-09-18,235.50999450683594,215.24844360351562,467.0598449707031,549.8299560546875,92.64424133300781
2024-09-19,239.1699981689453,219.68191528320312,478.869140625,559.2124633789062,92.3372573852539
2024-09-20,242.2100067138672,217.327880859375,477.9576721191406,558.2457885742188,91.98373413085938
2024-09-23,242.67999267578125,216.5333709716797,479.2245788574219,559.640869140625,91.78839111328125
2024-09-24,246.07000732421875,216.8962860107422,481.5361633300781,561.2421264648438,91.76980590820312
2024-09-25,245.72999572753906,214.25074768066406,481.9826354980469,560.0043334960938,91.00699615478516
2024-09-26,246.97999572753906,215.39244079589844,485.603759765625,562.2245483398438,91.2209243774414
2024-09-27,245.02000427246094,216.84902954101562,482.9052734375,561.4090576171875,91.69538116455078
2024-09-30,243.05999755859375,217.40017700195312,484.2148742675781,563.6587524414062,91.2581558227539
2024-10-01,245.61000061035156,214.44760131835938,477.4685363769531,558.6093139648438,91.91703796386719
2024-10-02,245.66000366210938,214.15234375,478.1431884765625,558.8450317382812,91.14244079589844
2024-10-03,245.49000549316406,212.71539306640625,477.7860412597656,557.8233642578125,90.28382873535156
2024-10-04,245.0,215.68768310546875,483.4707946777344,562.8924560546875,89.17323303222656
2024-10-07,244.1699981689453,213.99485778808594,478.29205322265625,557.8037109375,88.50128936767578
2024-10-08,242.3699951171875,214.1425018310547,485.4350891113281,563.0791625976562,88.6506118774414
2024-10-09,241.0500030517578,214.6149139404297,489.2547302246094,566.9793701171875,88.14665985107422
2024-10-10,242.82000732421875,213.42404174804688,488.6991882324219,565.9871215820312,87.80135345458984
2024-10-11,245.47000122070312,217.7643585205078,489.4630432128906,569.3764038085938,87.44670104980469
2024-10-14,245.07000732421875,219.3686065673828,493.5703430175781,574.0328979492188,87.51203918457031
2024-10-15,245.9199981689453,219.54579162597656,486.972900390625,569.5728759765625,88.57594299316406
2024-10-16,247.14999389648438,223.15780639648438,487.03240966796875,572.0485229492188,88.94926452636719
2024-10-17,248.6300048828125,222.54757690429688,487.3697204589844,572.0975952148438,87.54003143310547
2024-10-18,251.27000427246094,222.0850067138672,490.5643310546875,574.2982177734375,87.60536193847656
2024-10-21,251.22000122070312,218.59107971191406,491.5068054199219,573.3550415039062,86.07483673095703
2024-10-22,253.92999267578125,217.7643585205078,492.0425109863281,573.050537109375,86.15879821777344
2024-10-23,250.8699951171875,215.77626037597656,484.5025329589844,567.8143310546875,85.92549133300781
2024-10-24,252.8000030517578,216.2487030029297,488.4312744140625,569.0423583984375,86.47611999511719
2024-10-25,253.32000732421875,215.43179321289062,491.4076232910156,568.8457641601562,85.9908218383789
2024-10-28,253.3300018310547,218.94540405273438,491.4869384765625,570.6043701171875,85.75749206542969
2024-10-29,256.0899963378906,218.2367706298828,496.2093505859375,571.52783203125,85.88815307617188
2024-10-30,257.5,217.94151306152344,492.459228515625,569.7988891601562,86.14014434814453
2024-10-31,253.50999450683594,214.31964111328125,480.0282287597656,558.6289672851562,86.28014373779297
2024-11-01,252.47000122070312,215.52037048339844,483.5798645019531,560.9866943359375,85.063720703125
2024-11-04,252.8300018310547,216.6128387451172,482.171142578125,559.7783813476562,86.38406372070312
2024-11-05,253.39999389648438,220.6874237060547,488.3221740722656,566.5470581054688,86.84291076660156
2024-11-06,245.6999969482422,233.47219848632812,501.5865478515625,580.6345825195312,84.46442413330078
2024-11-07,249.64999389648438,232.64547729492188,509.483642578125,585.1242065429688,85.52256774902344
2024-11-08,247.9600067138672,234.3579864501953,510.0788879394531,587.6587524414062,86.60881042480469
2024-11-11,242.13999938964844,237.8814239501953,509.7813415527344,588.21875,86.18743896484375
2024-11-12,240.0500030517578,233.7084197998047,508.8586120605469,586.3914794921875,84.89517211914062
2024-11-13,237.6300048828125,231.39553833007812,508.2038879394531,586.67626953125,84.0898666381836
2024-11-14,237.00999450683594,228.27561950683594,504.6719970703125,582.9038696289062,84.57681274414062
2024-11-15,236.58999633789062,224.8702850341797,492.647705078125,575.437744140625,84.35206604003906
2024-11-18,241.08999633789062,225.3131866455078,496.0704345703125,577.7955322265625,84.50187683105469
2024-11-19,243.25,226.986328125,499.4832763671875,579.9076538085938,84.9326400756836
2024-11-20,244.6199951171875,227.28158569335938,499.1955871582031,580.1040649414062,84.66105651855469
2024-11-21,246.66000366210938,230.7361297607422,500.9913024902344,583.21826171875,84.59551239013672
2024-11-22,249.83999633789062,234.99771118164062,501.7948913574219,585.0259399414062,84.64234924316406
2024-11-25,242.47999572753906,238.57037353515625,502.5885925292969,587.0103759765625,86.83355712890625
2024-11-26,242.9499969482422,236.81849670410156,505.287109375,590.0753784179688,86.49645233154297
2024-11-27,243.49000549316406,237.14328002929688,501.3087158203125,588.2874755859375,87.09574890136719
2024-11-29,245.58999633789062,238.04873657226562,505.7136535644531,591.9420166015625,87.99470520019531
2024-12-02,243.44000244140625,237.93064880371094,511.2198486328125,593.0029296875,88.20611572265625
2024-12-03,243.92999267578125,236.23780822753906,512.787353515625,593.2780151367188,87.44500732421875
2024-12-04,244.6699981689453,237.08421325683594,519.126953125,596.9619750976562,88.38467407226562
2024-12-05,242.86000061035156,234.31863403320312,517.6883544921875,595.9795532226562,88.56319427490234
2024-12-06,242.9499969482422,235.1551971435547,522.3214111328125,597.109375,88.69475555419922
2024-12-09,245.36000061035156,233.97413635253906,518.25390625,594.0344848632812,87.87725067138672
2024-12-10,248.58999633789062,232.96041870117188,516.4878540039062,592.1875610351562,87.46379089355469
2024-12-11,250.9600067138672,234.01351928710938,525.7342529296875,596.7655639648438,86.63688659667969
2024-12-12,247.27999877929688,230.97232055664062,522.34130859375,593.690673828125,85.58448028564453
2024-12-13,244.2899932861328,229.38778686523438,526.3394775390625,593.5726928710938,84.71058654785156
2024-12-16,244.8800048828125,230.7361297607422,533.9191284179688,596.1072387695312,84.96428680419922
2024-12-17,243.94000244140625,228.09458923339844,531.5678100585938,593.6513061523438,85.1710205078125
2024-12-18,239.25999450683594,217.99632263183594,512.3904418945312,575.9584350585938,84.10601043701172
2024-12-19,239.60000610351562,217.02894592285156,510.1086730957031,575.7816162109375,82.83253479003906
2024-12-20,242.10000610351562,219.06239318847656,514.563232421875,582.697265625,83.30419158935547
2024-12-23,240.9600067138672,218.55897521972656,519.5764770507812,586.1866455078125,82.54012298583984
2024-12-24,241.44000244140625,220.5134735107422,526.621826171875,592.7021484375,82.8891372680664
2024-12-26,243.07000732421875,222.7739715576172,526.2639770507812,592.7415771484375,82.84197235107422
2024-12-27,241.39999389648438,219.52635192871094,519.2683715820312,586.5020751953125,82.16278839111328
2024-12-30,240.6300048828125,217.83837890625,512.3621215820312,579.80908203125,82.82311248779297
2024-12-31,242.1300048828125,218.1147918701172,508.0097961425781,577.6997680664062,82.37974548339844
2025-01-02,245.4199981689453,218.29244995117188,507.01611328125,576.2803344726562,82.60614776611328
2025-01-03,243.49000549316406,221.5400848388672,515.3135375976562,583.48583984375,82.34201049804688
2025-01-06,243.19000244140625,221.62890625,521.2359008789062,586.8471069335938,81.97412872314453
2025-01-07,244.55999755859375,219.85211181640625,511.9348449707031,580.2133178710938,81.04967498779297
2025-01-08,245.86000061035156,218.8551025390625,512.0242919921875,581.0609741210938,81.1534423828125
2025-01-10,248.2100067138672,214.03794860839844,503.9952392578125,572.1896362304688,80.6157455444336
2025-01-13,245.74000549316406,214.45252990722656,502.37548828125,573.0768432617188,80.58744812011719
2025-01-14,247.02999877929688,216.89073181152344,501.89849853515625,573.8652954101562,80.45537567138672
2025-01-15,248.8800048828125,221.15509033203125,513.4453735351562,584.3038940429688,81.84207153320312
2025-01-16,250.60000610351562,221.59933471679688,509.84814453125,583.1802978515625,82.10619354248047
2025-01-17,249.27000427246094,222.55682373046875,518.4535522460938,589.0353393554688,82.24768829345703
2025-01-21,253.1300048828125,226.8310546875,521.4943237304688,594.427001953125,82.98347473144531
2025-01-22,254.42999267578125,225.35037231445312,528.1620483398438,597.7686157226562,82.54954528808594
2025-01-23,254.07000732421875,226.3769989013672,529.284912109375,601.0313110351562,81.90809631347656
2025-01-24,255.64999389648438,225.7452392578125,526.2938842773438,599.2766723632812,82.27598571777344
2025-01-27,252.99000549316406,223.58343505859375,510.9710693359375,590.7997436523438,83.24758911132812
2025-01-28,255.17999267578125,223.83023071289062,518.5231323242188,595.8760986328125,83.1910171508789
2025-01-29,254.1999969482422,223.31690979003906,517.54931640625,593.2047729492188,83.02120208740234
2025-01-30,258.04998779296875,225.5872802734375,519.7552490234375,596.3886108398438,83.3324966430664
2025-01-31,258.55999755859375,223.56369018554688,519.0000610351562,593.2147216796875,82.78536224365234
2025-02-03,259.94000244140625,220.9478302001953,514.8463745117188,589.2225341796875,83.45941925048828
2025-02-04,262.5,224.0078887939453,521.1663818359375,593.1752319335938,83.71501922607422
2025-02-05,264.1300048828125,226.44606018066406,523.5313720703125,595.5803833007812,85.09718322753906
2025-02-06,263.42999267578125,225.70574951171875,526.2639770507812,597.650390625,85.05931854248047
2025-02-07,263.8999938964844,223.08987426757812,519.6260986328125,592.1797485351562,84.51022338867188
2025-02-10,268.3699951171875,224.09674072265625,525.9161987304688,596.2013549804688,84.2546157836914
2025-02-11,267.3900146484375,222.79373168945312,524.6641845703125,596.65478515625,83.71501922607422
2025-02-12,267.6700134277344,220.7405242919922,524.9722900390625,594.732666015625,82.57899475097656
2025-02-13,270.30999755859375,223.22805786132812,532.5243530273438,601.0115356445312,83.95169830322266
2025-02-14,266.2900085449219,223.0602569580078,534.7601928710938,600.9819946289062,84.3966293334961
2025-02-18,270.70001220703125,224.2843017578125,535.9724731445312,602.7463989257812,83.40260314941406
2025-02-19,270.8500061035156,223.5143280029297,536.1216430664062,604.1658935546875,83.50675964355469
2025-02-20,270.989990234375,221.3722686767578,533.845947265625,601.6522827148438,83.81913757324219
2025-02-21,270.739990234375,214.99546813964844,522.766357421875,591.3616333007812,84.83209228515625
2025-02-24,272.2099914550781,213.4456787109375,516.5952758789062,588.6705932617188,85.0782241821289
2025-02-25,268.6199951171875,212.63626098632812,510.0865783691406,585.7431030273438,86.54557800292969
2025-02-26,269.0299987792969,212.9027557373047,511.3187561035156,586.0386962890625,87.05680084228516
2025-02-27,264.92999267578125,209.65512084960938,497.1188049316406,576.6843872070312,86.44145202636719
2025-02-28,263.2699890136719,211.88601684570312,504.9691162109375,585.6840209960938,87.50173950195312
2025-03-03,266.739990234375,206.0915985107422,493.9190673828125,575.4227905273438,87.91009521484375
2025-03-04,269.05999755859375,203.76199340820312,492.42852783203125,568.611572265625,86.8274917602539
2025-03-05,269.6199951171875,205.7855987548828,498.84783935546875,574.722900390625,86.13423919677734
2025-03-06,268.25,202.6366729736328,485.1248779296875,564.5209350585938,85.84933471679688
2025-03-07,268.3900146484375,203.29803466796875,488.6922302246094,567.6849365234375,85.57393646240234
2025-03-10,266.0400085449219,198.18475341796875,469.7522888183594,552.564453125,86.46661376953125
2025-03-11,269.1600036621094,198.16502380371094,468.6294250488281,547.9708862304688,85.84933471679688
2025-03-12,270.3299865722656,198.51051330566406,473.9159240722656,550.8788452148438,85.33651733398438
2025-03-13,275.1300048828125,195.5491485595703,465.3899230957031,543.5353393554688,86.08674621582031
2025-03-14,275.239990234375,200.27743530273438,476.6386413574219,554.7625122070312,85.63088989257812
2025-03-17,276.7300109863281,202.8044891357422,479.72900390625,559.0404052734375,86.05825805664062
2025-03-18,279.9599914550781,201.04347229003906,471.5509033203125,552.998046875,86.14373016357422
2025-03-19,281.1099853515625,204.16976928710938,477.86090087890625,559.0206909179688,86.5900650024414
2025-03-20,280.75,202.8737335205078,476.2411804199219,557.4041748046875,86.64704132080078
2025-03-21,278.489990234375,201.61727905273438,477.8111877441406,557.5880126953125,86.13423919677734
2025-03-24,277.25,206.63323974609375,488.2964172363281,567.5736083984375,85.25103759765625
2025-03-25,278.4700012207031,205.48561096191406,491.08294677734375,568.9379272460938,85.2415542602539
2025-03-26,278.239990234375,203.39808654785156,482.0466613769531,562.1458740234375,84.68124389648438
2025-03-27,281.9700012207031,202.42852783203125,479.29998779296875,560.6530151367188,84.4343490600586
2025-03-28,284.05999755859375,198.31288146972656,466.6810607910156,549.3623657226562,85.60242462158203
2025-03-31,288.1400146484375,197.36314392089844,466.66119384765625,553.0501098632812,86.44761657714844
2025-04-01,287.57000732421875,197.38290405273438,470.4229736328125,554.6121826171875,87.19673156738281
2025-04-02,288.1600036621094,200.4993133544922,473.8563232421875,558.1219482421875,87.13955688476562
2025-04-03,286.4200134277344,187.62803649902344,448.4891357421875,530.6173095703125,87.53984832763672
2025-04-04,279.7200012207031,179.2582550048828,420.63397216796875,499.5533447265625,88.49290466308594
2025-04-07,273.7099914550781,177.63572692871094,421.6490478515625,498.66357421875,85.82431030273438
2025-04-08,275.20001220703125,172.95616149902344,414.0557861328125,490.85308837890625,84.2041015625
2025-04-09,285.3800048828125,187.65769958496094,463.7552490234375,542.4021606445312,84.6996841430664
2025-04-10,292.3500061035156,179.77268981933594,444.0306701660156,518.6345825195312,82.36463928222656
2025-04-11,297.92999267578125,182.39442443847656,452.2110900878906,527.8884887695312,82.81261444091797
2025-04-14,296.2300109863281,184.54129028320312,455.2762451171875,533.0098266601562,83.40350341796875
2025-04-15,297.7799987792969,184.7688446044922,455.7837829589844,531.5169067382812,83.6989517211914
2025-04-16,307.4700012207031,182.99794006347656,442.04034423828125,519.7023315429688,84.16595458984375
2025-04-17,306.1199951171875,184.4918212890625,441.9607238769531,520.44384765625,83.42256927490234
2025-04-21,315.5899963378906,180.79171752929688,431.0236511230469,508.055908203125,81.96435546875
2025-04-22,311.1099853515625,185.47128295898438,442.3388977050781,521.2743530273438,82.42183685302734
2025-04-23,303.6499938964844,188.2216339111328,452.37030029296875,529.3516845703125,83.22241973876953
2025-04-24,308.07000732421875,191.99102783203125,465.0987243652344,540.4940795898438,84.0992431640625
2025-04-25,304.7300109863281,192.05035400390625,470.2835998535156,544.3992309570312,84.71873474121094
2025-04-28,309.07000732421875,192.8616485595703,470.1343688964844,544.6068725585938,85.25245666503906
2025-04-29,306.05999755859375,193.99937438964844,473.23931884765625,548.0375366210938,85.96726989746094
2025-04-30,303.7699890136719,192.78248596191406,473.17962646484375,548.2550048828125,85.27153015136719
2025-05-01,297.4599914550781,193.97959899902344,479.35968017578125,552.1404418945312,84.83916473388672
2025-05-02,297.9800109863281,198.3425750732422,486.4752502441406,560.3365478515625,83.92084503173828
2025-05-05,306.8800048828125,196.81900024414062,483.5892028808594,557.1234130859375,83.45209503173828
2025-05-06,315.4800109863281,194.67213439941406,479.09100341796875,552.4667358398438,83.7295150756836
2025-05-07,310.75,195.31520080566406,480.97186279296875,554.7901611328125,84.08345031738281
2025-05-08,304.6300048828125,199.03509521484375,485.9378967285156,558.6558227539062,83.14601135253906
2025-05-09,306.8399963378906,198.6690673828125,485.619384765625,557.9440307617188,83.2703628540039
2025-05-12,298.19000244140625,205.65377807617188,505.4036560058594,576.3826293945312,82.49552154541016
2025-05-13,299.4599914550781,206.4056854248047,513.1064453125,580.18896484375,82.16073608398438
2025-05-14,293.1600036621094,204.57540893554688,516.1814575195312,580.9304809570312,81.61547088623047
2025-05-15,297.8399963378906,205.91102600097656,516.7486572265625,583.7679443359375,82.33290100097656
2025-05-16,294.239990234375,207.61268615722656,518.9978637695312,587.465576171875,82.55292510986328
2025-05-19,298.0299987792969,206.7420654296875,519.4954223632812,588.108154296875,82.31377410888672
2025-05-20,303.5799865722656,206.8508758544922,517.7637939453125,586.130859375,81.720703125
2025-05-21,305.82000732421875,201.04347229003906,510.5685729980469,576.2540893554688,80.3240966796875
2025-05-22,303.1099853515625,201.0335693359375,511.5240173339844,576.4815063476562,80.7449722290039
2025-05-23,309.75,200.400390625,506.7868957519531,572.5465087890625,80.87891387939453
2025-05-27,304.5,205.48561096191406,518.709228515625,584.4501953125,82.00768280029297
2025-05-28,303.80999755859375,203.31893920898438,516.4102783203125,581.06884765625,81.65373992919922
2025-05-29,305.6099853515625,203.9224395751953,517.4254150390625,583.362548828125,82.40943908691406
2025-05-30,303.6000061035156,202.88363647460938,516.609375,582.7100830078125,82.5337905883789
2025-06-02,311.6700134277344,203.51683044433594,520.6896362304688,585.9925537109375,81.76568603515625
2025-06-03,308.9100036621094,206.80140686035156,524.7599487304688,589.3341064453125,81.62165069580078
2025-06-04,310.8999938964844,206.21771240234375,526.2228393554688,589.1759643554688,82.94664764404297
2025-06-05,309.3299865722656,206.30674743652344,522.261962890625,586.3285522460938,83.0042495727539
2025-06-06,305.17999267578125,209.64080810546875,527.3673095703125,592.3495483398438,81.9480972290039
2025-06-09,306.6199951171875,211.0852508544922,528.1436157226562,592.8834228515625,82.0345230102539
2025-06-10,306.7099914550781,212.2229766845703,531.6365966796875,596.2449340820312,82.45697784423828
2025-06-11,308.3699951171875,211.35238647460938,529.84521484375,594.5443725585938,82.70661163330078
2025-06-12,312.20001220703125,210.51144409179688,531.0892944335938,596.9072875976562,83.69556427001953
2025-06-13,316.2900085449219,206.6628875732422,524.421630859375,590.2338256835938,82.8890380859375
2025-06-16,311.7799987792969,209.0994415283203,531.71630859375,595.8494873046875,82.0537338256836
2025-06-17,311.94000244140625,206.89703369140625,526.5313720703125,590.7578735351562,83.05227661132812
2025-06-18,310.260009765625,207.98831176757812,526.4417724609375,590.6688842773438,83.1962890625
2025-06-20,310.1300048828125,207.5518035888672,524.292236328125,589.2816772460938,83.04266357421875
2025-06-23,311.0799865722656,210.0915069580078,529.6832275390625,595.1022338867188,83.31151580810547
2025-06-24,306.19000244140625,212.77012634277344,537.7831420898438,601.6764526367188,83.91639709472656
2025-06-25,307.1199951171875,210.28993225097656,539.157958984375,602.0136108398438,84.0219955444336
2025-06-26,306.7799987792969,213.7026824951172,544.1992797851562,606.7236328125,84.44446563720703
2025-06-27,301.2200012207031,213.7720947265625,546.0623779296875,609.738037109375,83.90678405761719
2025-06-30,304.8299865722656,214.07965087890625,549.5992431640625,612.6533203125,84.7325210571289
2025-07-01,307.54998779296875,216.2820587158203,544.9664306640625,612.455078125,84.9426040649414
2025-07-02,309.25,219.27810668945312,548.7623291015625,615.2315673828125,84.4029312133789
2025-07-03,307.1400146484375,221.31187438964844,554.1622314453125,620.0804443359375,83.81504821777344
2025-07-07,307.3699951171875,217.98843383789062,549.9878540039062,615.45947265625,83.0151596069336
2025-07-08,304.1600036621094,219.49636840820312,550.2966918945312,615.1224365234375,82.90914916992188
2025-07-09,305.5199890136719,221.87734985351562,554.1921997070312,618.8110961914062,83.77650451660156
2025-07-10,306.20001220703125,223.0182342529297,553.3951416015625,620.5562744140625,83.83432006835938
2025-07-11,309.1400146484375,219.94281005859375,552.1497802734375,618.3748779296875,82.67786407470703
2025-07-14,308.010009765625,221.42098999023438,554.1524047851562,619.5548095703125,82.50438690185547
2025-07-15,306.7300109863281,217.0856475830078,554.660400390625,616.9072875976562,81.9261474609375
2025-07-16,308.260009765625,219.26820373535156,555.228271484375,618.9697265625,82.04180145263672
2025-07-17,307.5899963378906,222.14520263671875,559.7216186523438,622.7576293945312,82.02252197265625
2025-07-18,308.3900146484375,220.56781005859375,559.1836547851562,622.301513671875,82.1478042602539
2025-07-21,313.1300048828125,219.67494201660156,562.0828857421875,623.4815063476562,82.8802261352539
2025-07-22,316.1000061035156,221.50038146972656,559.1737060546875,623.5707397460938,83.38137817382812
2025-07-23,312.17999267578125,224.88333129882812,561.7242431640625,628.875732421875,82.91879272460938
2025-07-24,310.2699890136719,221.7781524658203,562.9197387695312,629.083984375,82.77423858642578
2025-07-25,307.3999938964844,222.60157775878906,564.2747192382812,631.741455078125,83.29463195800781
2025-07-28,305.4100036621094,222.3436279296875,566.0382080078125,631.5828247070312,82.75495910644531
2025-07-29,306.25,220.92495727539062,565.1614990234375,629.9169311523438,84.15235900878906
2025-07-30,300.9599914550781,219.80392456054688,565.9186401367188,629.1236572265625,83.71868133544922
2025-07-31,302.9599914550781,217.651123046875,562.9197387695312,626.763671875,83.7668685913086
2025-08-01,309.1099853515625,213.216552734375,551.8309936523438,616.49072265625,84.95774841308594
2025-08-04,310.9100036621094,217.98843383789062,562.0131225585938,625.861328125,85.18991088867188
2025-08-05,311.1600036621094,219.09954833984375,558.1973266601562,622.688232421875,85.45111083984375
2025-08-06,310.5,218.8118438720703,565.2212524414062,627.457763671875,84.95774841308594
2025-08-07,313.1199951171875,218.09754943847656,567.1340942382812,626.9322509765625,84.8126220703125
2025-08-08,313.04998779296875,218.57374572753906,572.4244995117188,631.8207397460938,84.44501495361328
2025-08-11,308.54998779296875,218.52415466308594,570.7307739257812,630.5713500976562,84.541748046875
2025-08-12,308.2699890136719,225.01231384277344,577.904052734375,637.284423828125,84.11610412597656
2025-08-13,309.2099914550781,229.3873748779297,578.1930541992188,639.4659423828125,84.8126220703125
2025-08-14,307.25,226.43096923828125,577.7448120117188,639.525390625,84.18380737304688
2025-08-15,307.42999267578125,225.32977294921875,575.2041625976562,638.028076171875,83.58401489257812
2025-08-18,306.95001220703125,226.1531982421875,574.9749755859375,637.8893432617188,83.3421859741211
2025-08-19,305.2699890136719,224.41708374023438,567.1739501953125,634.4286499023438,83.82587432861328
2025-08-20,308.3599853515625,223.6234130859375,563.8065185546875,632.742919921875,84.00967407226562
2025-08-21,307.2900085449219,224.17897033691406,561.1962280273438,630.2045288085938,83.59369659423828
2025-08-22,310.5799865722656,232.96876525878906,569.85400390625,639.8824462890625,84.21283721923828
2025-08-25,309.8299865722656,230.51832580566406,568.2101440429688,637.0662841796875,83.97099304199219
2025-08-26,312.0799865722656,232.423095703125,570.4916381835938,639.733642578125,83.92261505126953
2025-08-27,312.7099914550781,234.0699462890625,571.3684692382812,641.1912841796875,83.82587432861328
2025-08-28,315.0299987792969,234.34771728515625,574.9451904296875,643.4619750976562,84.37730407714844
2025-08-29,318.07000732421875,233.30604553222656,568.2898559570312,639.6245727539062,83.77749633789062
2025-09-02,325.5899963378906,232.04611206054688,563.527587890625,634.8848266601562,83.15406036376953
2025-09-03,328.1400146484375,231.81793212890625,567.9610595703125,638.3255615234375,84.06688690185547
2025-09-04,326.69000244140625,234.7147979736328,573.1019897460938,643.6603393554688,84.70780944824219
2025-09-05,331.04998779296875,235.8854522705078,573.9288940429688,641.796142578125,85.99933624267578
2025-09-08,334.82000732421875,236.3616485595703,576.728515625,643.372802734375,87.14521789550781
2025-09-09,334.05999755859375,234.97274780273438,578.3624877929688,644.8601684570312,86.64997863769531
2025-09-10,335.260009765625,234.55604553222656,578.5517578125,646.7243041992188,87.14521789550781
2025-09-11,334.760009765625,238.8914337158203,581.919189453125,652.0988159179688,87.72787475585938
2025-09-12,335.4200134277344,236.45091247558594,584.4896240234375,651.8805541992188,87.3491439819336
2025-09-15,338.9100036621094,237.4529266357422,589.4910888671875,655.3511352539062,87.55308532714844
2025-09-16,339.5899963378906,237.06192016601562,588.9929809570312,654.4488525390625,87.73759460449219
2025-09-17,336.9700012207031,237.66880798339844,587.8173217773438,653.6357421875,87.51424407958984
2025-09-18,335.6199951171875,243.58839416503906,593.11767578125,656.6897583007812,86.61112976074219
2025-09-19,339.17999267578125,241.73788452148438,597.1326904296875,659.9423217773438,86.446044921875
2025-09-22,345.04998779296875,243.14068603515625,600.667724609375,663.0645141601562,86.13529205322266
2025-09-23,346.4599914550781,242.59349060058594,596.6779174804688,659.4551391601562,86.73736572265625
2025-09-24,343.32000732421875,240.36495971679688,594.583251953125,657.3569946289062,86.40721130371094
2025-09-25,344.75,238.06675720214844,592.0198364257812,654.3242797851562,86.40721130371094
2025-09-26,346.739990234375,240.1062774658203,594.4535522460938,658.072998046875,86.32951354980469
2025-09-29,352.4599914550781,240.3848419189453,597.20654296875,659.9224243164062,87.03841400146484
2025-09-30,355.4700012207031,240.72311401367188,598.8424072265625,662.4082641601562,86.78592681884766
2025-10-01,356.0299987792969,241.25039672851562,601.7150268554688,664.6654663085938,87.01005554199219
2025-10-02,354.7900085449219,242.7725830078125,604.188720703125,665.4309692382812,87.26341247558594
2025-10-03,357.6400146484375,244.5733184814453,601.645263671875,665.421142578125,87.09774780273438
2025-10-06,364.3800048828125,245.54830932617188,606.1636962890625,667.8074951171875,86.40589141845703
2025-10-07,366.260009765625,242.911865234375,602.9718627929688,665.3316040039062,86.90287017822266
2025-10-08,372.29998779296875,245.4587860107422,609.88427734375,669.2990112304688,86.9710693359375
2025-10-09,365.42999267578125,243.8769073486328,609.1461181640625,667.3600463867188,86.90287017822266
2025-10-10,369.1199951171875,236.5744171142578,588.0000610351562,649.32275390625,88.30609893798828
2025-10-13,378.0899963378906,243.1605987548828,600.4782104492188,659.2860107421875,88.25736236572266
2025-10-14,380.7900085449219,246.63275146484375,596.4783935546875,658.4805908203125,88.53997039794922
2025-10-15,387.3900146484375,249.05032348632812,600.6876220703125,661.4039916992188,88.3450698852539
2025-10-16,396.45001220703125,243.80726623535156,598.4633178710938,656.899658203125,89.00770568847656
2025-10-17,388.989990234375,242.1656951904297,602.393310546875,660.62841796875,88.87127685546875
2025-10-20,403.1499938964844,246.89141845703125,609.98388671875,667.499267578125,89.21234893798828
2025-10-21,377.239990234375,245.7274169921875,609.8244018554688,667.4892578125,89.6508560180664
2025-10-22,377.2799987792969,242.09605407714844,603.9493408203125,664.0191040039062,89.70931243896484
2025-10-23,378.7900085449219,245.16030883789062,609.0264282226562,667.9566650390625,89.09541320800781
2025-10-24,377.5199890136719,248.15492248535156,615.52978515625,673.4155883789062,89.1343994140625
2025-10-27,367.010009765625,249.02047729492188,626.4918823242188,681.3603515625,89.43647766113281
2025-10-28,364.3800048828125,247.6873321533203,631.3095703125,683.1700439453125,89.67034149169922
2025-10-29,363.0,245.57815551757812,634.15234375,683.4981689453125,88.76409149169922
2025-10-30,370.1300048828125,243.5983428955078,624.45703125,675.98095703125,88.24761962890625
2025-10-31,368.1199951171875,244.97128295898438,627.4693603515625,678.1983642578125,87.9845199584961
2025-11-03,368.7799987792969,244.18531799316406,630.4716796875,679.4711303710938,87.76447296142578
2025-11-04,362.32000732421875,239.9669952392578,617.6743774414062,671.4169921875,87.96007537841797
2025-11-05,366.510009765625,243.42919921875,621.6941528320312,673.7437133789062,87.00164031982422
2025-11-06,366.07000732421875,239.121337890625,610.1136474609375,666.514892578125,87.7840347290039
2025-11-07,368.30999755859375,240.37490844726562,608.1885375976562,667.1710815429688,87.59822082519531
2025-11-10,378.3800048828125,242.78253173828125,621.6442260742188,677.5819091796875,87.57866668701172
2025-11-11,379.8699951171875,242.99147033691406,619.9884643554688,679.1329956054688,87.9796371459961
2025-11-12,385.989990234375,242.39451599121094,619.4996948242188,679.5108642578125,88.13611602783203
2025-11-13,382.8699951171875,235.57952880859375,606.8519897460938,668.2350463867188,87.41239166259766
2025-11-14,375.9599914550781,236.26600646972656,607.310791015625,668.125732421875,86.91363525390625
2025-11-17,371.6499938964844,231.57012939453125,602.1240234375,661.901123046875,87.12877655029297
2025-11-18,374.3500061035156,232.27651977539062,594.792724609375,656.3428344726562,87.09944152832031
2025-11-19,374.9599914550781,232.2366943359375,598.3436889648438,658.87841796875,86.92340087890625
2025-11-20,374.8500061035156,227.9387969970703,584.1798095703125,648.8355712890625,87.26570892333984
2025-11-21,374.2699890136719,234.3956298828125,588.568603515625,655.2987670898438,87.52975463867188
2025-11-24,380.20001220703125,238.67364501953125,603.6201782226562,664.9437866210938,88.02852630615234
2025-11-25,380.0799865722656,243.8769073486328,607.3406982421875,671.1981811523438,88.25345611572266
2025-11-26,383.1199951171875,246.0358123779297,612.70703125,675.8318481445312,88.64466857910156
2025-11-28,387.8800048828125,247.47840881347656,617.6743774414062,679.5208129882812,88.22412872314453
2025-12-01,389.75,244.36439514160156,615.599609375,676.4185180664062,87.1258544921875
2025-12-02,387.239990234375,243.9167022705078,620.4173583984375,677.67138671875,87.16510772705078
2025-12-03,386.8800048828125,248.35389709472656,621.9335327148438,680.0180053710938,87.41047668457031
2025-12-04,387.1300048828125,250.53271484375,621.35498046875,680.51513671875,86.93936920166016
2025-12-05,386.44000244140625,249.4880828857422,623.8884887695312,681.8078002929688,86.53695678710938
2025-12-08,385.4200134277344,249.58755493164062,622.6915893554688,679.7594604492188,86.25233459472656
2025-12-09,387.3999938964844,250.1049041748047,623.4595947265625,679.1727294921875,86.34066772460938
2025-12-10,389.04998779296875,253.50741577148438,626.0130615234375,683.6771850585938,86.67436981201172
2025-12-11,393.239990234375,256.4821472167969,623.98828125,685.26806640625,86.55659484863281
2025-12-12,395.44000244140625,252.55233764648438,612.0587158203125,677.9000244140625,85.72233581542969
2025-12-15,395.79998779296875,250.6421356201172,608.9865112304688,676.8758544921875,85.7812271118164
2025-12-16,395.8900146484375,249.4562530517578,610.1934204101562,675.0264282226562,86.25233459472656
2025-12-17,399.2900085449219,246.8009796142578,598.8822631835938,667.5986938476562,86.17382049560547
2025-12-18,398.57000732421875,248.26837158203125,607.5601806640625,672.6399536132812,86.5860366821289
2025-12-19,399.0199890136719,250.34466552734375,615.4799194335938,678.7363891601562,86.26287078857422
2025-12-22,408.2300109863281,253.12973022460938,618.4302368164062,682.96484375,86.07565307617188
2025-12-23,413.6400146484375,251.63238525390625,621.3265380859375,686.0863037109375,86.21359252929688
2025-12-24,411.92999267578125,252.2612762451172,623.144287109375,688.4996948242188,86.73580169677734
2025-12-26,416.739990234375,250.9735565185547,623.1043090820312,688.4298706054688,86.45005798339844
2025-12-29,398.6000061035156,249.43629455566406,620.088134765625,685.9765625,86.77521514892578
2025-12-30,398.8900146484375,247.58956909179688,618.64990234375,685.138916015625,86.56830596923828
2025-12-31,396.30999755859375,245.722900390625,613.536376953125,680.062744140625,85.87860107421875
2026-01-02,398.2799987792969,248.33824157714844,612.347900390625,681.309326171875,85.7505111694336
2026-01-05,408.760009765625,252.28123474121094,617.2117309570312,685.846923828125,86.17418670654297
2026-01-06,413.17999267578125,255.62527465820312,622.6348876953125,689.92578125,85.996826171875
2026-01-07,409.2300109863281,255.02635192871094,623.2341918945312,687.701904296875,86.49932861328125
2026-01-08,411.489990234375,257.8113708496094,619.6885986328125,687.632080078125,86.06580352783203
2026-01-09,414.4700012207031,259.7679138183594,625.86083984375,692.1796264648438,86.63728332519531
2026-01-12,422.2300109863281,261.03564453125,626.3801879882812,693.2666625976562,86.38109588623047
2026-01-13,421.6300048828125,260.88592529296875,625.4513549804688,691.8804931640625,86.52889251708984
2026-01-14,425.94000244140625,262.72265625,618.769775390625,688.479736328125,87.03140258789062
2026-01-15,423.3299865722656,265.0385437011719,620.9970092773438,690.3546142578125,87.01168823242188
2026-01-16,421.2900085449219,265.2881164550781,620.4776611328125,689.7761840820312,86.50919342041016
2026-01-20,437.2300109863281,262.1137390136719,607.2942504882812,675.7345581054688,85.3760986328125
2026-01-21,443.6000061035156,267.3144836425781,615.50390625,683.5332641601562,86.0263900756836
2026-01-22,451.7900085449219,269.3109436035156,619.978271484375,687.103515625,86.40080261230469
2026-01-23,458.0,264.33978271484375,621.935791015625,687.352783203125,86.63728332519531
2026-01-26,464.70001220703125,263.5112609863281,624.67236328125,690.84326171875,87.05109405517578
2026-01-27,476.1000061035156,264.25994873046875,630.335205078125,693.5957641601562,86.50919342041016
2026-01-28,494.55999755859375,262.83245849609375,632.4225463867188,693.5259399414062,86.3121337890625
2026-01-29,495.8999938964844,262.90234375,628.6373291015625,692.1497192382812,86.33183288574219
2026-01-30,444.95001220703125,259.1889343261719,621.0868530273438,690.0853271484375,85.84903717041016
2026-02-02,427.1300048828125,261.7144470214844,625.3515014648438,693.5159912109375,85.60375213623047
2026-02-03,454.2900085449219,262.3133850097656,615.7435913085938,687.6520385742188,85.81145477294922
2026-02-04,453.9700012207031,260.0574035644531,604.9871826171875,684.3211059570312,85.59385681152344
2026-02-05,441.8800048828125,255.375732421875,596.2781982421875,675.7744750976562,86.5235824584961
2026-02-06,455.4599914550781,264.5494079589844,608.8822631835938,688.739013671875,86.58292388916016
2026-02-09,467.0299987792969,266.4060974121094,613.54638671875,692.0599975585938,86.56314086914062
2026-02-10,462.3999938964844,265.6873779296875,610.699951171875,690.2349243164062,87.56210327148438
2026-02-11,467.6300048828125,264.47955322265625,612.337890625,690.075439453125,87.09723663330078
2026-02-12,451.3900146484375,259.07916259765625,599.8836059570312,679.41455078125,88.25444793701172
2026-02-13,462.6199951171875,262.4930725097656,601.1619873046875,679.8931884765625,88.73909759521484
2026-02-17,448.20001220703125,262.57293701171875,600.542724609375,680.9901733398438,88.88745880126953
2026-02-18,458.2799987792969,263.521240234375,605.027099609375,684.4208374023438,88.5511703491211
2026-02-19,459.55999755859375,264.1301574707031,602.7100219726562,682.61572265625,88.64019012451172
2026-02-20,468.6199951171875,264.14013671875,608.0433349609375,687.5523071289062,88.43248748779297
2026-02-23,481.2799987792969,260.0274353027344,600.652587890625,680.531494140625,88.75886535644531
2026-02-24,474.6099853515625,262.8623962402344,607.1044921875,685.4779052734375,88.91712188720703
2026-02-25,473.4200134277344,264.11016845703125,615.9033813476562,691.26220703125,88.92701721191406
2026-02-26,477.4800109863281,265.5176696777344,608.4727783203125,687.422607421875,89.28307342529297
2026-02-27,483.75,260.9458312988281,606.5252075195312,684.1216430664062,89.82706451416016
2026-03-02,490.0,263.341552734375,607.32421875,684.5106201171875,88.92501068115234
2026-03-03,468.1400146484375,258.7796630859375,600.8224487304688,678.4771118164062,88.74639129638672
2026-03-04,471.79998779296875,261.2951965332031,609.9808959960938,683.2639770507812,88.4685287475586
2026-03-05,466.1300048828125,256.3040771484375,608.1431274414062,679.4544067382812,88.11128234863281
2026-03-06,473.510009765625,250.4445037841797,598.9946899414062,670.5487060546875,87.78380584716797
2026-03-09,472.5299987792969,253.16964721679688,606.99462890625,676.4227294921875,88.54792785644531
2026-03-10,477.8599853515625,252.9101104736328,607.004638671875,675.3356323242188,87.60517883300781
2026-03-11,476.239990234375,252.40103149414062,606.9247436523438,674.4879760742188,86.47389221191406
2026-03-12,466.8800048828125,246.97068786621094,596.5078735351562,664.2459106445312,86.30519104003906
2026-03-13,460.8399963378906,246.15213012695312,592.9722900390625,660.4862060546875,85.87848663330078
2026-03-16,460.42999267578125,248.47799682617188,599.6239013671875,667.2078857421875,86.5433578491211
2026-03-17,459.2699890136719,250.0500030517578,602.5502319335938,668.9630126953125,86.78152465820312
2026-03-18,444.739990234375,246.02000427246094,594.15087890625,659.6285400390625,86.2952651977539
2026-03-19,426.4100036621094,247.6300048828125,592.273193359375,658.0029907226562,86.82122039794922
2026-03-20,413.3800048828125,242.22000122070312,581.3269653320312,648.5700073242188,85.17391204833984
2026-03-23,404.0400085449219,247.4499969482422,588.0,655.3800048828125,85.72962951660156
2026-03-24,404.1300048828125,248.77999877929688,583.97998046875,653.1799926757812,85.35253143310547
2026-03-25,416.2900085449219,251.82000732421875,587.8200073242188,656.8200073242188,86.17618560791016
2026-03-26,400.6400146484375,247.44000244140625,573.7899780273438,645.0900268554688,85.45176696777344
2026-03-27,414.70001220703125,243.10000610351562,562.5800170898438,634.0900268554688,84.98535919189453
2026-03-30,414.5799865722656,239.61000061035156,558.280029296875,631.969970703125,86.11664581298828
2026-03-31,430.2900085449219,248.0,577.1799926757812,650.3400268554688,86.02733612060547
2026-04-01,437.82000732421875,249.55999755859375,584.3099975585938,655.239990234375,85.9426498413086
2026-04-02,429.4100036621094,251.2899932861328,584.97998046875,655.8300170898438,86.47069549560547
2026-04-06,427.6499938964844,252.36000061035156,588.5,658.9299926757812,86.33121490478516
2026-04-07,431.80999755859375,252.91000366210938,588.5900268554688,659.219970703125,86.32125091552734
2026-04-08,434.5299987792969,260.4700012207031,606.0900268554688,676.010009765625,86.6002197265625
2026-04-09,437.9100036621094,261.9599914550781,610.1900024414062,679.9099731445312,86.38102722167969
2026-04-10,437.1300048828125,261.29998779296875,611.0700073242188,679.4600219726562,86.17179870605469
2026-04-13,435.3599853515625,265.07000732421875,617.3900146484375,686.0999755859375,86.43084716796875
2026-04-14,445.0899963378906,268.7200012207031,628.5999755859375,694.4600219726562,86.88915252685547
2026-04-15,440.4599914550781,269.3900146484375,637.4000244140625,699.9400024414062,86.51055145263672
2026-04-16,440.0799865722656,269.95001220703125,640.469970703125,701.6599731445312,85.96257019042969
2026-04-17,445.92999267578125,275.7799987792969,648.8499755859375,710.1400146484375,86.74966430664062
2026-04-20,442.0899963378906,277.3500061035156,646.7899780273438,708.719970703125,86.72974395751953
2026-04-21,429.57000732421875,274.510009765625,644.3300170898438,704.0800170898438,86.25150299072266
2026-04-22,435.260009765625,276.4800109863281,655.1099853515625,711.2100219726562,86.4208755493164
2026-04-23,431.0400085449219,275.5199890136719,651.4199829101562,708.4500122070312,86.23158264160156
2026-04-24,433.25,276.6499938964844,663.8800048828125,713.9400024414062,86.3909912109375
2026-04-27,429.8900146484375,277.1400146484375,664.22998046875,715.1699829101562,85.96257019042969
2026-04-28,421.9100036621094,273.9100036621094,657.5499877929688,711.6900024414062,86.05224609375
2026-04-29,417.4100036621094,272.0799865722656,661.5700073242188,711.5800170898438,85.38470458984375
2026-04-30,423.6600036621094,277.9700012207031,667.739990234375,718.6599731445312,85.30500030517578
2026-05-01,423.17999267578125,279.2799987792969,674.1500244140625,720.6500244140625,85.61000061035156
2026-05-04,414.7099914550781,277.8800048828125,672.8800048828125,718.010009765625,84.95999908447266
2026-05-05,418.2699890136719,282.55999755859375,681.6099853515625,723.77001953125,85.43000030517578
2026-05-06,430.9599914550781,286.79998779296875,695.77001953125,733.8300170898438,86.08000183105469
